index,repository,file_url,commit_count,commit_url
24,TakWolf/CNode-Material-Design,https://github.com/TakWolf/CNode-Material-Design/blob/124e56fd0118870d4618e8c7f8f6ef1e2d1a7039/app/src/main/java/org/cnodejs/android/md/util/Crypto.java,1409,"https://github.com/TakWolf/CNode-Material-Design/commit/99e0387fdc4fafe2685011dc3fe86106255830e3
"
26,bwssytems/ha-bridge,https://github.com/bwssytems/ha-bridge/blob/3400c4d43ae50c30cacad03a36721111f2da8b9b/src/main/java/com/bwssystems/HABridge/BridgeSecurity.java,556,"https://github.com/bwssytems/ha-bridge/commit/c25f08f142a0f30d470d8c6f7335792aca9db9c0
"
8,yanzhenjie/NoHttp,https://github.com/yanzhenjie/NoHttp/blob/cd3d6a434ca872fc3f450653aa36527cf1bdc74e/nohttp/src/main/java/com/yanzhenjie/nohttp/tools/Encryption.java,209,"https://github.com/yanzhenjie/NoHttp/commit/ae6deb24e17e82b1915ab66aab0fd17deaf5e424
"
38,lfkdsk/JustWeTools,https://github.com/lfkdsk/JustWeTools/blob/76784019a41e200ce3f4493d10a1eb949d2692a7/demo-project/DrawAPictiure/app/src/main/java/com/lfk/drawapictiure/PaintView.java,111,"https://github.com/lfkdsk/JustWeTools/commit/76784019a41e200ce3f4493d10a1eb949d2692a7
"
38,lfkdsk/JustWeTools,https://github.com/lfkdsk/JustWeTools/blob/76784019a41e200ce3f4493d10a1eb949d2692a7/justwetools/src/main/java/com/lfk/justwetools/View/NewPaint/PaintView.java,111,"https://github.com/lfkdsk/JustWeTools/commit/76784019a41e200ce3f4493d10a1eb949d2692a7
"
38,lfkdsk/JustWeTools,https://github.com/lfkdsk/JustWeTools/blob/76784019a41e200ce3f4493d10a1eb949d2692a7/justwetools/src/main/java/com/lfk/justwetools/View/PaintIt/PaintView.java,111,"https://github.com/lfkdsk/JustWeTools/commit/76784019a41e200ce3f4493d10a1eb949d2692a7
"
24,TakWolf/CNode-Material-Design,https://github.com/TakWolf/CNode-Material-Design/blob/124e56fd0118870d4618e8c7f8f6ef1e2d1a7039/app/src/main/java/org/cnodejs/android/md/model/storage/SharedWrapper.java,1409,"https://github.com/TakWolf/CNode-Material-Design/commit/99e0387fdc4fafe2685011dc3fe86106255830e3
"
28,strapdata/elassandra,https://github.com/strapdata/elassandra/blob/4011e743bff4d2132b1c2f0db2b3f28fc7b8639e/server/src/main/java/org/elasticsearch/common/settings/KeyStoreWrapper.java,29809,"https://github.com/strapdata/elassandra/commit/bed6be5945c1a50d333172ea2933b22f0ebcc416
"
64,sonatype/nexus-public,https://github.com/sonatype/nexus-public/blob/f4316cbb68f776d4af2dafe1aca146c138783e50/components/nexus-orient/src/main/java/org/sonatype/nexus/orient/EncryptedRecordIdObfuscator.java,132,"https://github.com/sonatype/nexus-public/commit/445a13fff148b7894d5ec1ca43dffddb095523e4
"
64,sonatype/nexus-public,https://github.com/sonatype/nexus-public/blob/f4316cbb68f776d4af2dafe1aca146c138783e50/components/nexus-crypto/src/main/java/org/sonatype/nexus/crypto/internal/PbeCipherFactoryImpl.java,132,"https://github.com/sonatype/nexus-public/commit/445a13fff148b7894d5ec1ca43dffddb095523e4
"
64,sonatype/nexus-public,https://github.com/sonatype/nexus-public/blob/f4316cbb68f776d4af2dafe1aca146c138783e50/components/nexus-crypto/src/main/java/org/sonatype/nexus/crypto/CryptoHelper.java,132,"https://github.com/sonatype/nexus-public/commit/445a13fff148b7894d5ec1ca43dffddb095523e4
"
53,aliyun/aliyun-openapi-java-sdk,https://github.com/aliyun/aliyun-openapi-java-sdk/blob/33a705142c5427071d2855d172b75b376dbda746/aliyun-java-sdk-release-test/src/main/java/com/aliyuncs/auth/ShaHmac1.java,634,"https://github.com/aliyun/aliyun-openapi-java-sdk/commit/63be2c290dab4ea7f0ca4db6e44ef0a089d5c231
"
53,aliyun/aliyun-openapi-java-sdk,https://github.com/aliyun/aliyun-openapi-java-sdk/blob/33a705142c5427071d2855d172b75b376dbda746/aliyun-java-sdk-release-test/src/main/java/com/aliyuncs/auth/ShaHmac256.java,634,"https://github.com/aliyun/aliyun-openapi-java-sdk/commit/63be2c290dab4ea7f0ca4db6e44ef0a089d5c231
"
42,sanluan/PublicCMS,https://github.com/sanluan/PublicCMS/blob/18f36e609198e5823ad83dcc86829125453fea8d/publiccms-parent/publiccms-common/src/main/java/com/publiccms/common/tools/VerificationUtils.java,300,"https://github.com/sanluan/PublicCMS/commit/f2c72f0bffe4d739172841dc0901f5883b71f77b
"
52,AppLozic/Applozic-Android-SDK,https://github.com/AppLozic/Applozic-Android-SDK/blob/57a0216d929e334eea83bdf46aef679fab9bf927/mobicommons/src/main/java/com/applozic/mobicommons/encryption/EncryptionUtils.java,1482,"https://github.com/AppLozic/Applozic-Android-SDK/commit/c5af4966fc5f58dd390e455334b75812d9141bb1
"
53,aliyun/aliyun-openapi-java-sdk,https://github.com/aliyun/aliyun-openapi-java-sdk/blob/648c667fdcf467b0ea3d9c9a547ef96a05a03430/aliyun-java-sdk-core/src/main/java/com/aliyuncs/auth/HmacSHA1Signer.java,634,"https://github.com/aliyun/aliyun-openapi-java-sdk/commit/63be2c290dab4ea7f0ca4db6e44ef0a089d5c231
"
53,aliyun/aliyun-openapi-java-sdk,https://github.com/aliyun/aliyun-openapi-java-sdk/blob/648c667fdcf467b0ea3d9c9a547ef96a05a03430/aliyun-java-sdk-core/src/main/java/com/aliyuncs/auth/ShaHmac1.java,634,"https://github.com/aliyun/aliyun-openapi-java-sdk/commit/63be2c290dab4ea7f0ca4db6e44ef0a089d5c231
"
53,aliyun/aliyun-openapi-java-sdk,https://github.com/aliyun/aliyun-openapi-java-sdk/blob/648c667fdcf467b0ea3d9c9a547ef96a05a03430/aliyun-java-sdk-core/src/main/java/com/aliyuncs/auth/ShaHmac256.java,634,"https://github.com/aliyun/aliyun-openapi-java-sdk/commit/63be2c290dab4ea7f0ca4db6e44ef0a089d5c231
"
62,aliyun/aliyun-oss-java-sdk,https://github.com/aliyun/aliyun-oss-java-sdk/blob/69da8533e7a8f25ad50aade531b1d2e9633e34db/src/main/java/com/aliyun/oss/common/auth/HmacSHA1Signature.java,178,"https://github.com/aliyun/aliyun-oss-java-sdk/commit/196cf711417df73a72e0dc2f84a8f3a03c8371c2
"
64,sonatype/nexus-public,https://github.com/sonatype/nexus-public/blob/f4316cbb68f776d4af2dafe1aca146c138783e50/components/nexus-crypto/src/main/java/org/sonatype/nexus/crypto/internal/PasswordCipher.java,132,"https://github.com/sonatype/nexus-public/commit/445a13fff148b7894d5ec1ca43dffddb095523e4
"
64,sonatype/nexus-public,https://github.com/sonatype/nexus-public/blob/f4316cbb68f776d4af2dafe1aca146c138783e50/components/nexus-crypto/src/main/java/org/sonatype/nexus/crypto/internal/CryptoHelperImpl.java,132,"https://github.com/sonatype/nexus-public/commit/445a13fff148b7894d5ec1ca43dffddb095523e4
"
72,opendatakit/collect,https://github.com/opendatakit/collect/blob/9de49674a8b06db3730578bcccb5ea172eeab875/collect_app/src/main/java/org/odk/collect/android/utilities/EncryptionUtils.java,3333,"https://github.com/opendatakit/collect/commit/dc4b9ecb82b62303c67397229a1c29acca4289d0
"
62,aliyun/aliyun-oss-java-sdk,https://github.com/aliyun/aliyun-oss-java-sdk/blob/196cf711417df73a72e0dc2f84a8f3a03c8371c2/src/samples/PostObjectSample.java,178,"https://github.com/aliyun/aliyun-oss-java-sdk/commit/196cf711417df73a72e0dc2f84a8f3a03c8371c2
"
64,sonatype/nexus-public,https://github.com/sonatype/nexus-public/blob/f4316cbb68f776d4af2dafe1aca146c138783e50/components/nexus-capability/src/test/java/org/sonatype/nexus/capability/condition/internal/CipherRequiredConditionTest.java,132,"https://github.com/sonatype/nexus-public/commit/445a13fff148b7894d5ec1ca43dffddb095523e4
"
57,vmware/tungsten-replicator,https://github.com/vmware/tungsten-replicator/blob/8fdb4223b54caa7f9af77de4796665872940ee4e/commons/src/java/com/continuent/tungsten/common/security/Encryptor.java,390,"https://github.com/vmware/tungsten-replicator/commit/8fdb4223b54caa7f9af77de4796665872940ee4e
"
61,pengrad/java-telegram-bot-api,https://github.com/pengrad/java-telegram-bot-api/blob/05082e82ad5e345cacd3e00f132ebc04fdc2e76c/library/src/main/java/com/pengrad/telegrambot/passport/decrypt/RsaOaep.java,335,"https://github.com/pengrad/java-telegram-bot-api/commit/04fbbbb2255ec1e37753f8f448fa5cfd2c7f6a6a
"
64,sonatype/nexus-public,https://github.com/sonatype/nexus-public/blob/1d4f1fe8ac126463ce16b2a8cf8da19bbbb3a320/components/nexus-security/src/main/java/org/sonatype/nexus/security/internal/DefaultSecuritySystem.java,132,"https://github.com/sonatype/nexus-public/commit/445a13fff148b7894d5ec1ca43dffddb095523e4
"
95,JumpMind/symmetric-ds,https://github.com/JumpMind/symmetric-ds/blob/947474f8d1ca7f72e2610f290a189448f67b69e0/symmetric-util/src/main/java/org/jumpmind/security/SecurityService.java,10735,"https://github.com/JumpMind/symmetric-ds/commit/c42f0e067b6f7761c81e8db7d19f953795e43a25
"
98,google/sagetv,https://github.com/google/sagetv/blob/213e01cd3597ff68bf13824281e9c463855b5f3a/java/sage/miniclient/AppletConnection.java,780,"https://github.com/google/sagetv/commit/213e01cd3597ff68bf13824281e9c463855b5f3a
"
98,google/sagetv,https://github.com/google/sagetv/blob/213e01cd3597ff68bf13824281e9c463855b5f3a/java/sage/locator/LocatorRegistrationClient.java,780,"https://github.com/google/sagetv/commit/213e01cd3597ff68bf13824281e9c463855b5f3a
"
111,seven332/Nimingban,https://github.com/seven332/Nimingban/blob/2f86424df7fab3079fddad2fbb6c544a365edf32/app/src/main/java/com/hippo/nimingban/client/ac/data/ACItemUtils.java,638,"https://github.com/seven332/Nimingban/commit/2f86424df7fab3079fddad2fbb6c544a365edf32
"
102,termux/termux-api,https://github.com/termux/termux-api/blob/ead48932850f8ebeb65bfe2a30c6a03f4d2ea5ee/app/src/main/java/com/termux/api/FingerprintAPI.java,177,"https://github.com/termux/termux-api/commit/c7841ee5159f251a5654ec1bf41f8cf0d71ece69
"
95,JumpMind/symmetric-ds,https://github.com/JumpMind/symmetric-ds/blob/947474f8d1ca7f72e2610f290a189448f67b69e0/symmetric-util/src/main/java/org/jumpmind/security/ISecurityService.java,10735,"https://github.com/JumpMind/symmetric-ds/commit/c42f0e067b6f7761c81e8db7d19f953795e43a25
"
86,xiaowei1118/java_server,https://github.com/xiaowei1118/java_server/blob/5701a2c1afc9f35f8ef5c99fe985336b136b4f3b/src/main/java/com/changyu/foryou/tools/Sign.java,193,"https://github.com/xiaowei1118/java_server/commit/5701a2c1afc9f35f8ef5c99fe985336b136b4f3b
"
98,google/sagetv,https://github.com/google/sagetv/blob/213e01cd3597ff68bf13824281e9c463855b5f3a/java/sage/miniclient/MiniClientConnection.java,780,"https://github.com/google/sagetv/commit/213e01cd3597ff68bf13824281e9c463855b5f3a
"
100,jitsi/ice4j,https://github.com/jitsi/ice4j/blob/38e7b9226d6e1e790fe3b4ccacfeca64e9c2ed71/src/main/java/org/ice4j/attribute/MessageIntegrityAttribute.java,721,"https://github.com/jitsi/ice4j/commit/4aef25b91fc2359044e8cd113e472ff95ecbce97
"
98,google/sagetv,https://github.com/google/sagetv/blob/213e01cd3597ff68bf13824281e9c463855b5f3a/java/sage/FileDownloader.java,780,"https://github.com/google/sagetv/commit/213e01cd3597ff68bf13824281e9c463855b5f3a
"
98,google/sagetv,https://github.com/google/sagetv/blob/213e01cd3597ff68bf13824281e9c463855b5f3a/java/sage/SageTVConnection.java,780,"https://github.com/google/sagetv/commit/213e01cd3597ff68bf13824281e9c463855b5f3a
"
98,google/sagetv,https://github.com/google/sagetv/blob/213e01cd3597ff68bf13824281e9c463855b5f3a/java/sage/miniclient/MiniClient.java,780,"https://github.com/google/sagetv/commit/213e01cd3597ff68bf13824281e9c463855b5f3a
"
98,google/sagetv,https://github.com/google/sagetv/blob/213e01cd3597ff68bf13824281e9c463855b5f3a/java/sage/MiniClientSageRenderer.java,780,"https://github.com/google/sagetv/commit/213e01cd3597ff68bf13824281e9c463855b5f3a
"
100,jitsi/ice4j,https://github.com/jitsi/ice4j/blob/38e7b9226d6e1e790fe3b4ccacfeca64e9c2ed71/src/main/java/org/ice4j/stack/StunStack.java,721,"https://github.com/jitsi/ice4j/commit/4aef25b91fc2359044e8cd113e472ff95ecbce97
"
0,fernando-rodriguez/freexc16,https://github.com/fernando-rodriguez/freexc16/blob/95cad1ccc9568b9e83ddc25a28711011546a5c63/src/XC_GCC/gcc/libjava/classpath/gnu/javax/crypto/jce/GnuCrypto.java,0,
0,cthulhuology/xilli,https://github.com/cthulhuology/xilli/blob/8089760871e5c1dc21d457bf657d343ba59c1184/src/gcc-6.2.0/libjava/classpath/gnu/javax/crypto/jce/GnuCrypto.java,0,
0,basicthinker/libptm,https://github.com/basicthinker/libptm/blob/1ff11bd02f44829c15e2caf21db48c9304e5bdaa/gcc/libjava/classpath/gnu/javax/crypto/jce/GnuCrypto.java,0,
0,tgsorrell/JikesRVM-for-Intentional-Concurrency,https://github.com/tgsorrell/JikesRVM-for-Intentional-Concurrency/blob/740641948e0ec74e51e7ddc0f3665ae4aa19962f/JikesRVM-3.1.4/components/classpath/99p16/classpath/gnu/javax/crypto/jce/GnuCrypto.java,0,
0,Hellybean/SaberMod_ROM_Toolchain,https://github.com/Hellybean/SaberMod_ROM_Toolchain/blob/0c8345d7a174958e1f150f2e474f35f0cdfb4246/libjava/classpath/gnu/javax/crypto/jce/GnuCrypto.java,0,
0,laozhuxinlu/gcc-4.9.1_install,https://github.com/laozhuxinlu/gcc-4.9.1_install/blob/3a85e97d2f789c3491dc5aefa5899090a027eb61/libjava/classpath/gnu/javax/crypto/jce/GnuCrypto.java,0,
0,chaoyingfu/gcc,https://github.com/chaoyingfu/gcc/blob/ab81775ecf934b1a522fcd67ce8feff22c0e684f/gcc-4.6/libjava/classpath/gnu/javax/crypto/jce/GnuCrypto.java,0,
0,jbruchon/gcc-ia16,https://github.com/jbruchon/gcc-ia16/blob/5853ef6a8e9334fb1e6d4a86dd92179d2dba9d32/libjava/classpath/gnu/javax/crypto/jce/GnuCrypto.java,0,
0,xnox/linaro-gcc-4.7-src,https://github.com/xnox/linaro-gcc-4.7-src/blob/c4bad242e23b1f2e5c72f4e6e6962802152574b1/libjava/classpath/gnu/javax/crypto/jce/GnuCrypto.java,0,
0,Alexpux/GCC,https://github.com/Alexpux/GCC/blob/aa975831372897ea35121b7b14d40572f4dbdb98/libjava/classpath/gnu/javax/crypto/jce/GnuCrypto.java,0,
0,qvjp/gcc-inlow-6.1.0,https://github.com/qvjp/gcc-inlow-6.1.0/blob/094ae56e7ca3437b8c3dccd82428ea8d8453335f/libjava/classpath/gnu/javax/crypto/jce/GnuCrypto.java,0,
0,distribute/gcc482,https://github.com/distribute/gcc482/blob/bbe94f40386c6983198401f8aab7eecc262911d6/libjava/classpath/gnu/javax/crypto/jce/GnuCrypto.java,0,
0,alisw/gcc-toolchain,https://github.com/alisw/gcc-toolchain/blob/61a1fb6ff726551e5176ff72f903b996cbbf5d22/gcc-4.9.3/libjava/classpath/gnu/javax/crypto/jce/GnuCrypto.java,0,
0,eduardogpg/KrabProtocol,https://github.com/eduardogpg/KrabProtocol/blob/79ddfd67db52e4993bec1fa55339eeb988827430/src/Cipher/Cipher.java,0,
0,tar-mirror/gcc,https://github.com/tar-mirror/gcc/blob/0e859657abc5f2e83358ca177bb824defd8ee057/libjava/classpath/gnu/javax/crypto/jce/GnuCrypto.java,0,
0,openrisc/old-openrisc-svn,https://github.com/openrisc/old-openrisc-svn/blob/0456eb72d6cd0a5056a1d5050b08a560520c8a55/trunk/gnu-dev/or1k-gcc/libjava/classpath/gnu/javax/crypto/jce/GnuCrypto.java,0,
0,openrisc/old-openrisc-svn,https://github.com/openrisc/old-openrisc-svn/blob/0456eb72d6cd0a5056a1d5050b08a560520c8a55/tags/gnu-dev/fsf-gcc-snapshot-1-mar-12/or1k-gcc/libjava/classpath/gnu/javax/crypto/jce/GnuCrypto.java,0,
0,embecosm/avr-gcc,https://github.com/embecosm/avr-gcc/blob/2060056813eb7bad1fd44a1620cc5e0223bcb75a/libjava/classpath/gnu/javax/crypto/jce/GnuCrypto.java,0,
0,r0j3r/gcc-4.7.4-hardened,https://github.com/r0j3r/gcc-4.7.4-hardened/blob/26539132d4a1b164d1fa3837c13895bcd42b5301/libjava/classpath/gnu/javax/crypto/jce/GnuCrypto.java,0,
0,zitterbewegung/cs398,https://github.com/zitterbewegung/cs398/blob/ec9103a6276b1eb7990626990f0735ae5f8a2f61/jikesrvm/components/classpath/97.2p10/classpath/gnu/javax/crypto/jce/GnuCrypto.java,0,
0,mkilgore/protura-gcc,https://github.com/mkilgore/protura-gcc/blob/0e86b56641f5ea0379cc532137688ec1a1759ab3/libjava/classpath/gnu/javax/crypto/jce/GnuCrypto.java,0,
0,openrisc/or1k-gcc,https://github.com/openrisc/or1k-gcc/blob/432063b717d6e910331f4ff3d7baf84b37198f10/libjava/classpath/gnu/javax/crypto/jce/GnuCrypto.java,0,
0,Scorpiion/Renux_cross_gcc,https://github.com/Scorpiion/Renux_cross_gcc/blob/109c64a9f1386541d1636958a2462ab7578be031/gcc-4.5.0/libjava/classpath/gnu/javax/crypto/jce/GnuCrypto.java,0,
0,albertghtoun/gcc-libitm,https://github.com/albertghtoun/gcc-libitm/blob/881d687c1231a8831a5fe29032e2e3809794233c/libjava/classpath/gnu/javax/crypto/jce/GnuCrypto.java,0,
0,Mustaavalkosta/toolchain_gcc,https://github.com/Mustaavalkosta/toolchain_gcc/blob/24797a3b1365611116fc30fb23e9126868b027da/gcc-4.8/libjava/classpath/gnu/javax/crypto/jce/GnuCrypto.java,0,
0,ptriller/dcpu-gcc,https://github.com/ptriller/dcpu-gcc/blob/7c34f9387ff6b214df99285b9e9753a8317ad4c7/libjava/classpath/gnu/javax/crypto/jce/GnuCrypto.java,0,
0,heliumfire/androux,https://github.com/heliumfire/androux/blob/cbc1882f7841caef914f98711d9a78b9732bcc15/gcc/libjava/classpath/gnu/javax/crypto/jce/GnuCrypto.java,0,
0,montao/nios2-linux,https://github.com/montao/nios2-linux/blob/952a5d569a9efee4c8aa0bfbaf5db82605d978ef/nios2-linux/uClinux-dist/lib/classpath/gnu/javax/crypto/jce/GnuCrypto.java,0,
0,periclesroalves/gcc-conair,https://github.com/periclesroalves/gcc-conair/blob/d389a4b7bbcd5e770963cb0f5db3569690dbdcb6/libjava/classpath/gnu/javax/crypto/jce/GnuCrypto.java,0,
0,hermitcore/gcc,https://github.com/hermitcore/gcc/blob/c3be9f7fc868c8d1a894c7713b5f7ac7fc1df974/libjava/classpath/gnu/javax/crypto/jce/GnuCrypto.java,0,
0,ModelWriter/DeAL,https://github.com/ModelWriter/DeAL/blob/1a2ebd5ff98121133769543f5b42e3492a6f3ae1/jikesrvm-3.1.0/components/classpath/97.2p8/classpath/gnu/javax/crypto/jce/GnuCrypto.java,0,
0,pgavin/or1k-gcc,https://github.com/pgavin/or1k-gcc/blob/c8c877610f76c29da770e9cebdd53650fb0e03bf/libjava/classpath/gnu/javax/crypto/jce/GnuCrypto.java,0,
0,jameshilliard/20-4-4,https://github.com/jameshilliard/20-4-4/blob/f5ca10b2b62e33cee52001e97b54f17cabd55854/gcc/gcc-4.2.0/libjava/classpath/gnu/javax/crypto/jce/GnuCrypto.java,0,
0,embecosm/aap-gcc,https://github.com/embecosm/aap-gcc/blob/a9612c77598d4985ee73c9076ec607a7f2d96e51/libjava/classpath/gnu/javax/crypto/jce/GnuCrypto.java,0,
0,libertine-linux-packages/gcc,https://github.com/libertine-linux-packages/gcc/blob/003b86c90ad0ecfa9db7d803aee2ff5f1fb8d11e/gcc-6.2.0/libjava/classpath/gnu/javax/crypto/jce/GnuCrypto.java,0,
0,hisazumi/nxtdevenv,https://github.com/hisazumi/nxtdevenv/blob/9a690648203ca7a6481ce34bb60af30a0bc7d5d7/src/gcc-4.4.2/libjava/classpath/gnu/javax/crypto/jce/GnuCrypto.java,0,
0,bftg/gcc-5.3.0,https://github.com/bftg/gcc-5.3.0/blob/8a09692c69fabeb8a2a6c9c659e6088952254b8e/libjava/classpath/gnu/javax/crypto/jce/GnuCrypto.java,0,
0,gentoo/gcc,https://github.com/gentoo/gcc/blob/9d0507742960aa9f2b99bc6e9584655ecc611792/libjava/classpath/gnu/javax/crypto/jce/GnuCrypto.java,0,
0,tjyang/cpam,https://github.com/tjyang/cpam/blob/e4035d6a8001ca8e62b1e4371273952405afc565/9.1addon/gcc-4.7.1/src/gcc-4.7.1/libjava/classpath/gnu/javax/crypto/jce/GnuCrypto.java,0,
0,BreakawayConsulting/gcc,https://github.com/BreakawayConsulting/gcc/blob/494009614ec39c25be697e6cabc5361e621413e4/libjava/classpath/gnu/javax/crypto/jce/GnuCrypto.java,0,
0,ericmckean/nacl-llvm-branches.llvm-gcc,https://github.com/ericmckean/nacl-llvm-branches.llvm-gcc/blob/6af8a94420a576c859aec5cf129fe0a51c33647d/llvm-gcc-4.2/libjava/classpath/gnu/javax/crypto/jce/GnuCrypto.java,0,
0,AlissonLinhares/NativeKit,https://github.com/AlissonLinhares/NativeKit/blob/aad431b99e26e9f377148b1bd07ea931745c6146/cross/gcc/libjava/classpath/gnu/javax/crypto/jce/GnuCrypto.java,0,
0,tcdog001/apv5sdk-v15,https://github.com/tcdog001/apv5sdk-v15/blob/56b8a22a93e026580ecc8b33d18267e4ace4e02a/apv5sdk-v15/build/gcc-4.3.3/toolchain_build_mips/gcc-4.3.3/libjava/classpath/gnu/javax/crypto/jce/GnuCrypto.java,0,
0,puppeh/gcc-vc4,https://github.com/puppeh/gcc-vc4/blob/85c93154fe7c809e932009a14e96df34ab9aba68/libjava/classpath/gnu/javax/crypto/jce/GnuCrypto.java,0,
0,kradulski/os161,https://github.com/kradulski/os161/blob/f4c8419c661f99558a8918420e59eab62a4fa87c/os161/toolbuild/gcc-4.8.3+os161-2.1/libjava/classpath/gnu/javax/crypto/jce/GnuCrypto.java,0,
0,AmiDog/GCC,https://github.com/AmiDog/GCC/blob/d128fdf40709eb445d4b5d9893797cdda420de69/gcc-4.8.3/libjava/classpath/gnu/javax/crypto/jce/GnuCrypto.java,0,
0,mipsgcc/gcc,https://github.com/mipsgcc/gcc/blob/ddc671c1eeaed9ba5520ff1ab146740e3313bc13/gcc-4.5.2/libjava/classpath/gnu/javax/crypto/jce/GnuCrypto.java,0,
0,synergydev/toolchain_gcc,https://github.com/synergydev/toolchain_gcc/blob/8afff347e2724d9cbe1073cbb013ebaffdb7036a/gcc-4.8/libjava/classpath/gnu/javax/crypto/jce/GnuCrypto.java,0,
0,synergydev/toolchain_gcc,https://github.com/synergydev/toolchain_gcc/blob/8afff347e2724d9cbe1073cbb013ebaffdb7036a/gcc-4.6/libjava/classpath/gnu/javax/crypto/jce/GnuCrypto.java,0,
0,synergydev/toolchain_gcc,https://github.com/synergydev/toolchain_gcc/blob/8afff347e2724d9cbe1073cbb013ebaffdb7036a/gcc-trunk/libjava/classpath/gnu/javax/crypto/jce/GnuCrypto.java,0,
0,synergydev/toolchain_gcc,https://github.com/synergydev/toolchain_gcc/blob/8afff347e2724d9cbe1073cbb013ebaffdb7036a/gcc-4.7/libjava/classpath/gnu/javax/crypto/jce/GnuCrypto.java,0,
0,Mustaavalkosta/toolchain_gcc-4.8,https://github.com/Mustaavalkosta/toolchain_gcc-4.8/blob/2a0e4addf6d9d2eb31ff096120156492aaf3a9cb/libjava/classpath/gnu/javax/crypto/jce/GnuCrypto.java,0,
0,redbrain/gccrs,https://github.com/redbrain/gccrs/blob/349ea0af3752bfb73a859e3ecb5ff63c10b50ba3/libjava/classpath/gnu/javax/crypto/jce/GnuCrypto.java,0,
0,shaotuanchen/sunflower_exp,https://github.com/shaotuanchen/sunflower_exp/blob/dc14e0cd938045b8de40298f1b51c954b051b4c8/tools/source/gcc-4.2.4/libjava/classpath/gnu/javax/crypto/jce/GnuCrypto.java,0,
0,CTSRD-CHERI/cherivm,https://github.com/CTSRD-CHERI/cherivm/blob/f32e396bca4dad537851dff1ec6e42575a9e20ad/src/classpath/gnu/javax/crypto/jce/GnuCrypto.java,0,
0,redstar3894/android-gcc-4.6,https://github.com/redstar3894/android-gcc-4.6/blob/64c4425d864431365aa6651003a9f47caca399d2/libjava/classpath/gnu/javax/crypto/jce/GnuCrypto.java,0,
0,mordak/playbook-dev-tools,https://github.com/mordak/playbook-dev-tools/blob/83b7402b3411467fafbb186877ff8cf20a5a7e87/bootstrap/gcc/gcc/libjava/classpath/gnu/javax/crypto/jce/GnuCrypto.java,0,
0,joekoolade/JOE,https://github.com/joekoolade/JOE/blob/9832b7b1142b342826d151388baa91d03109e841/classpath-0.98/gnu/javax/crypto/jce/GnuCrypto.java,0,
0,Akheon23/chromecast-mirrored-source.toolchain,https://github.com/Akheon23/chromecast-mirrored-source.toolchain/blob/4691ad865e0fced632358cbe02ec6b669447f3b8/gcc/libjava/classpath/gnu/javax/crypto/jce/GnuCrypto.java,0,
0,paulmadore/phmbsd,https://github.com/paulmadore/phmbsd/blob/5d44521ba09d5759968921490ce987596ac22825/gcc/libjava/classpath/gnu/javax/crypto/jce/GnuCrypto.java,0,
0,andestech/gcc,https://github.com/andestech/gcc/blob/2da611504c2e7fed2db6caccac2537b962315ca7/libjava/classpath/gnu/javax/crypto/jce/GnuCrypto.java,0,
0,sdzahed/LBC,https://github.com/sdzahed/LBC/blob/49a69a8513ea412b49899f3b93c5015e16343535/gcc-4.6.2/libjava/classpath/gnu/javax/crypto/jce/GnuCrypto.java,0,
0,alamatic/toolchains,https://github.com/alamatic/toolchains/blob/99291f534c8e50774e1b8c1d5fc27048918a0a7f/gcc-4.8.1/libjava/classpath/gnu/javax/crypto/jce/GnuCrypto.java,0,
0,PennPanda/MIT--6.828,https://github.com/PennPanda/MIT--6.828/blob/69a1cdbeff2dacc6fef00a5501a3c8d95ef3d19b/tool/gcc-4.4.5/libjava/classpath/gnu/javax/crypto/jce/GnuCrypto.java,0,
0,Elizaveta239/MMTk-gc,https://github.com/Elizaveta239/MMTk-gc/blob/96153faf05fb82bed32e4bf4c7088fc021f710eb/jikesrvm-3.1.3/components/classpath/97.2p13/classpath/gnu/javax/crypto/jce/GnuCrypto.java,0,
0,bitthunder-toolchain/gcc,https://github.com/bitthunder-toolchain/gcc/blob/6e1e67c127b40635f5e4d83d8aa98e643e8dacbd/libjava/classpath/gnu/javax/crypto/jce/GnuCrypto.java,0,
0,lyhbaggio/PenguinoOS,https://github.com/lyhbaggio/PenguinoOS/blob/73608ed45a03cd3b013303e60accc5dee473ec53/sources/gcc/libjava/classpath/gnu/javax/crypto/jce/GnuCrypto.java,0,
0,jld/linaro-android-gcc,https://github.com/jld/linaro-android-gcc/blob/67a559de3736deb9b9912d89ca22149922a4894c/gcc-4.4.3/libjava/classpath/gnu/javax/crypto/jce/GnuCrypto.java,0,
0,jld/linaro-android-gcc,https://github.com/jld/linaro-android-gcc/blob/67a559de3736deb9b9912d89ca22149922a4894c/gcc-4.4.0/libjava/classpath/gnu/javax/crypto/jce/GnuCrypto.java,0,
0,jld/linaro-android-gcc,https://github.com/jld/linaro-android-gcc/blob/67a559de3736deb9b9912d89ca22149922a4894c/gcc-4.2.1/libjava/classpath/gnu/javax/crypto/jce/GnuCrypto.java,0,
0,jld/linaro-android-gcc,https://github.com/jld/linaro-android-gcc/blob/67a559de3736deb9b9912d89ca22149922a4894c/gcc-4.7/libjava/classpath/gnu/javax/crypto/jce/GnuCrypto.java,0,
0,jld/linaro-android-gcc,https://github.com/jld/linaro-android-gcc/blob/67a559de3736deb9b9912d89ca22149922a4894c/gcc-4.3.1/libjava/classpath/gnu/javax/crypto/jce/GnuCrypto.java,0,
0,jld/linaro-android-gcc,https://github.com/jld/linaro-android-gcc/blob/67a559de3736deb9b9912d89ca22149922a4894c/gcc-4.6/libjava/classpath/gnu/javax/crypto/jce/GnuCrypto.java,0,
0,totalspectrum/gcc-propeller,https://github.com/totalspectrum/gcc-propeller/blob/b4f45a4725e0b6d0af59e594c4e3e35ca4105867/libjava/classpath/gnu/javax/crypto/jce/GnuCrypto.java,0,
0,atgreen/moxiedev,https://github.com/atgreen/moxiedev/blob/4701d7c641bc4ac3be1ce3f12f336c41ccf1435f/gcc/libjava/classpath/gnu/javax/crypto/jce/GnuCrypto.java,0,
0,SaberMod/GCC_SaberMod,https://github.com/SaberMod/GCC_SaberMod/blob/bb24dd18ae1c9a43c6b95c837084f8cd172245e2/libjava/classpath/gnu/javax/crypto/jce/GnuCrypto.java,0,
0,cbarne200/gcc68k,https://github.com/cbarne200/gcc68k/blob/ceb51f2dd89743a77417a7e8d87062b16575712c/libjava/classpath/gnu/javax/crypto/jce/GnuCrypto.java,0,
0,anlongfei/gcc-4.8.4,https://github.com/anlongfei/gcc-4.8.4/blob/583944ec805b76f5d24433cde998490c17c98ebe/libjava/classpath/gnu/javax/crypto/jce/GnuCrypto.java,0,
0,KSXGitHub/GCC,https://github.com/KSXGitHub/GCC/blob/8fc4550b76891f020d37bf616c3189c2ed9e3b49/libjava/classpath/gnu/javax/crypto/jce/GnuCrypto.java,0,
0,aeste/gcc,https://github.com/aeste/gcc/blob/d2774faa810502779b6e39b1e1578ceafde5f4cd/libjava/classpath/gnu/javax/crypto/jce/GnuCrypto.java,0,
0,adapteva/epiphany-gcc,https://github.com/adapteva/epiphany-gcc/blob/4fa693621ecfe78723aa9397871ba3f3283f68b4/libjava/classpath/gnu/javax/crypto/jce/GnuCrypto.java,0,
0,taciano-perez/JamVM-PH,https://github.com/taciano-perez/JamVM-PH/blob/e2410074e161df1c0518696ef6dc6d1bfc91e776/src/classpath/gnu/javax/crypto/jce/GnuCrypto.java,0,
0,winksaville/gcc-5.2.0,https://github.com/winksaville/gcc-5.2.0/blob/7cd0408201975405969e5ddd4805eb42574158b5/libjava/classpath/gnu/javax/crypto/jce/GnuCrypto.java,0,
0,ps3dev/gcc-4.7.0-PS3,https://github.com/ps3dev/gcc-4.7.0-PS3/blob/5d9addb08be92a040b8a8675c9e5a231ce37d705/libjava/classpath/gnu/javax/crypto/jce/GnuCrypto.java,0,
0,zeha/xc32,https://github.com/zeha/xc32/blob/67e137be081875ed1bb4d3bb8559519baa97d6c0/src/gcc/libjava/classpath/gnu/javax/crypto/jce/GnuCrypto.java,0,
0,ArtemL/gcc-ilp32,https://github.com/ArtemL/gcc-ilp32/blob/8f929576d1da40a464ccabaa32af594bfbb20d96/gcc-4.9.2-20150212/libjava/classpath/gnu/javax/crypto/jce/GnuCrypto.java,0,
0,george-hopkins/Samsung-BD-F8900,https://github.com/george-hopkins/Samsung-BD-F8900/blob/bc6d775cca97d0cde230257ddb5e7a2f83fb1b22/binutils/arm-mips-src-20121018/sources/gcc/libjava/classpath/gnu/javax/crypto/jce/GnuCrypto.java,0,
0,george-hopkins/Samsung-BD-F8900,https://github.com/george-hopkins/Samsung-BD-F8900/blob/bc6d775cca97d0cde230257ddb5e7a2f83fb1b22/binutils/arm-mips-src-20121018/build.arm.cortex-a15/sources/gcc_1/libjava/classpath/gnu/javax/crypto/jce/GnuCrypto.java,0,
0,apc-llc/gcc-5.1.1-knc,https://github.com/apc-llc/gcc-5.1.1-knc/blob/af7cc04cef723da3166f0d6f1539f02525fe5a93/libjava/classpath/gnu/javax/crypto/jce/GnuCrypto.java,0,
0,axDev-toolchain/gcc,https://github.com/axDev-toolchain/gcc/blob/b72e872826a37eb3ab69bb02e5b9045a894d68cb/gcc-linaro-4.6-2012.01/libjava/classpath/gnu/javax/crypto/jce/GnuCrypto.java,0,
0,gvz/avr-gcc,https://github.com/gvz/avr-gcc/blob/9eb00f693886c3394ef98b39d0816988e80387cd/libjava/classpath/gnu/javax/crypto/jce/GnuCrypto.java,0,
0,csoren/zpugcc-update,https://github.com/csoren/zpugcc-update/blob/7de4d2192c45ceac63de178c6b15c37a7683e4aa/gcc/libjava/classpath/gnu/javax/crypto/jce/GnuCrypto.java,0,
0,paul415236/SL,https://github.com/paul415236/SL/blob/6c88f1633d238f0af214df8c595c6a73f5ae17b2/build-tools/gcc/gcc-4.9.2/libjava/classpath/gnu/javax/crypto/jce/GnuCrypto.java,0,
0,fedya/aircam-openwrt,https://github.com/fedya/aircam-openwrt/blob/88b62530d0ef310cdd39d106d6e3dbe1e03d4d84/build_dir/toolchain-arm_v5te_gcc-linaro_uClibc-0.9.32_eabi/gcc-linaro-4.5-2011.02-0/libjava/classpath/gnu/javax/crypto/jce/GnuCrypto.java,0,
0,MindSpy/arm-none-eabi-tools,https://github.com/MindSpy/arm-none-eabi-tools/blob/56f14279564ed327f2c7a347ae0c940cf0901704/src/gcc/libjava/classpath/gnu/javax/crypto/jce/GnuCrypto.java,0,
0,xdje42/gcc,https://github.com/xdje42/gcc/blob/ee5eba9e6ce6e3134e94d4e63f9c841213643ae9/libjava/classpath/gnu/javax/crypto/jce/GnuCrypto.java,0,
0,GNA-SERVICES-INC/MoNGate,https://github.com/GNA-SERVICES-INC/MoNGate/blob/f21091233dc23c223ba28891eb06669b6203ba0d/gcc-4.5.2/libjava/classpath/gnu/javax/crypto/jce/GnuCrypto.java,0,
0,GNA-SERVICES-INC/MoNGate,https://github.com/GNA-SERVICES-INC/MoNGate/blob/f21091233dc23c223ba28891eb06669b6203ba0d/gcc-4.6-pre/libjava/classpath/gnu/javax/crypto/jce/GnuCrypto.java,0,
0,ryoon/gcc-4.2.4-SCO-OpenServer5,https://github.com/ryoon/gcc-4.2.4-SCO-OpenServer5/blob/a55b83bb34572da2898015373072a9d51eeecac4/libjava/classpath/gnu/javax/crypto/jce/GnuCrypto.java,0,
0,scs/uclinux,https://github.com/scs/uclinux/blob/eb0cf9617bd22b69ad625575a95cf4fa2c140d55/lib/classpath/gnu/javax/crypto/jce/GnuCrypto.java,0,
0,KCJacky/build-farm,https://github.com/KCJacky/build-farm/blob/86513d16de0ae063f8456eb5b3e14e0e9b9fb275/gcc-4.8.2/libjava/classpath/gnu/javax/crypto/jce/GnuCrypto.java,0,
0,mymedia2/gcc,https://github.com/mymedia2/gcc/blob/bee4f5e52831268a7afda51617aa2c09333468d1/libjava/classpath/gnu/javax/crypto/jce/GnuCrypto.java,0,
0,SanDisk-Open-Source/SSD_Dashboard,https://github.com/SanDisk-Open-Source/SSD_Dashboard/blob/f0240a983544a86989eec80a9a5210f2b14fa1c1/uefi/gcc/gcc-4.6.3/libjava/classpath/gnu/javax/crypto/jce/GnuCrypto.java,0,
0,Three-DS/Radio-Freedom,https://github.com/Three-DS/Radio-Freedom/blob/dd7e6cea6e7321915918e087d5ee9d487518a25e/gcc/4.9.2/libjava/classpath/gnu/javax/crypto/jce/GnuCrypto.java,0,
0,Three-DS/Radio-Freedom,https://github.com/Three-DS/Radio-Freedom/blob/dd7e6cea6e7321915918e087d5ee9d487518a25e/gcc/5.3.0/libjava/classpath/gnu/javax/crypto/jce/GnuCrypto.java,0,
0,Three-DS/Radio-Freedom,https://github.com/Three-DS/Radio-Freedom/blob/dd7e6cea6e7321915918e087d5ee9d487518a25e/gcc/4.8.2/libjava/classpath/gnu/javax/crypto/jce/GnuCrypto.java,0,
0,Spork-Schivago/gcc-4.9.0-PS3,https://github.com/Spork-Schivago/gcc-4.9.0-PS3/blob/6e20d7f5d7ec0e487670c4deae7c19fd617c561a/libjava/classpath/gnu/javax/crypto/jce/GnuCrypto.java,0,
0,jevinskie/ps3-gcc,https://github.com/jevinskie/ps3-gcc/blob/374a0b82db838ff9b4bd65f280a0c5d553c50663/libjava/classpath/gnu/javax/crypto/jce/GnuCrypto.java,0,
0,Mustaavalkosta/toolchain_gcc-4.9,https://github.com/Mustaavalkosta/toolchain_gcc-4.9/blob/0cb8ac6019a0395da6d7e82eeab83e0a6db011a9/libjava/classpath/gnu/javax/crypto/jce/GnuCrypto.java,0,
0,drewt/telos-gcc,https://github.com/drewt/telos-gcc/blob/52f56fcd613e503791e0cfff8b7cf0afde2079dd/libjava/classpath/gnu/javax/crypto/jce/GnuCrypto.java,0,
0,iains/darwin-gcc-4-9,https://github.com/iains/darwin-gcc-4-9/blob/82da4202a9362e43713b3cc8c5b930a0530793b0/libjava/classpath/gnu/javax/crypto/jce/GnuCrypto.java,0,
0,davidnov/gcc_4_8_5,https://github.com/davidnov/gcc_4_8_5/blob/42404b8a86f1dce328e18d95ff8b7940f38a63a9/libjava/classpath/gnu/javax/crypto/jce/GnuCrypto.java,0,
0,ryotaro-sanpe/chromecast-mirrored-source.toolchain,https://github.com/ryotaro-sanpe/chromecast-mirrored-source.toolchain/blob/4691ad865e0fced632358cbe02ec6b669447f3b8/gcc/libjava/classpath/gnu/javax/crypto/jce/GnuCrypto.java,0,
0,edpichler/historyprojects,https://github.com/edpichler/historyprojects/blob/4b2e109a102717a8223fff32295f45132354c7c2/old/EvilFramework/trunk/EvilFramework/src/com/dudhoo/evilframework/crypto/EvilCrypto.java,0,
0,sinhngoc2008/sg8-gcc,https://github.com/sinhngoc2008/sg8-gcc/blob/a799bc70fdd1a4d6ab3d436722587faccabdb0b3/gcc-4.9.0/libjava/classpath/gnu/javax/crypto/jce/GnuCrypto.java,0,
0,vilie/javify,https://github.com/vilie/javify/blob/05352e16cd0840b5822d6f45f2167b6709ffc271/classpath/gnu/javax/crypto/jce/GnuCrypto.java,0,
0,freeVM/freeVM,https://github.com/freeVM/freeVM/blob/9caa0256b4089d74186f84b8fb2afc95a0afc7bc/enhanced/archive/classlib/modules/crypto2/test/ar/org/fitc/test/crypto/TestExemptionMechanism.java,0,
0,jmcadden/gcc5_3,https://github.com/jmcadden/gcc5_3/blob/436bd326031a8fec3de0dca8aac8516bfdf640c8/libjava/classpath/gnu/javax/crypto/jce/GnuCrypto.java,0,
0,zackziegler95/ZOS,https://github.com/zackziegler95/ZOS/blob/c210526270417423d26cbd7342e9a19594dd9b96/os_specific_toolchain/gcc-4.8.4/libjava/classpath/gnu/javax/crypto/jce/GnuCrypto.java,0,
0,jaceq/gcc-linaro-4.8-2015.06,https://github.com/jaceq/gcc-linaro-4.8-2015.06/blob/c98527c6081f11864505fe8d5a6fc6443e75b38c/libjava/classpath/gnu/javax/crypto/jce/GnuCrypto.java,0,
0,MariadeAnton/libptm,https://github.com/MariadeAnton/libptm/blob/d4b9013de467c1a6441d08c78d4df1280be9c9d6/gcc/libjava/classpath/gnu/javax/crypto/jce/GnuCrypto.java,0,
0,aixoss/gcc,https://github.com/aixoss/gcc/blob/9cfc70c39d94e12ff123c956f3dee26a3cba3216/libjava/classpath/gnu/javax/crypto/jce/GnuCrypto.java,0,
0,redbrain/gccpy,https://github.com/redbrain/gccpy/blob/809384f440729cc83c86e7aae742ac229a683d97/libjava/classpath/gnu/javax/crypto/jce/GnuCrypto.java,0,
0,skristiansson/eco32-gcc,https://github.com/skristiansson/eco32-gcc/blob/3fbe5e5a86969ee75af0119f9ea906559d5a70e3/libjava/classpath/gnu/javax/crypto/jce/GnuCrypto.java,0,
0,kuroneko/uclinux-4.4-microbeepp,https://github.com/kuroneko/uclinux-4.4-microbeepp/blob/397840cf5fc7031124b4f8d350e46493a95bb1ae/lib/classpath/gnu/javax/crypto/jce/GnuCrypto.java,0,
0,davidbrazdil/cherivm,https://github.com/davidbrazdil/cherivm/blob/4e2f7cf621af4664283d8f7dc5ba1a672ad64bc2/src/classpath/gnu/javax/crypto/jce/GnuCrypto.java,0,
0,Znet12345678/zbl,https://github.com/Znet12345678/zbl/blob/368d7a3326ebe076f7c383451b7a3da75f002b06/toolchains/gcc-6.1.0.cross/libjava/classpath/gnu/javax/crypto/jce/GnuCrypto.java,0,
0,alapha23/ast-comparator,https://github.com/alapha23/ast-comparator/blob/afb381c08eaba76e5615b00112223b8bc518a1ad/gcc-gcc_5_2_0_release/libjava/classpath/gnu/javax/crypto/jce/GnuCrypto.java,0,
0,scharri/vorwerk-tm5-oss-sources,https://github.com/scharri/vorwerk-tm5-oss-sources/blob/73e9adb0c763d3883bd45f5dbbecaeb2d668fcc5/unmodified_packages/GPL_LGPL_licensed_packages/gcc-5.2.0/libjava/classpath/gnu/javax/crypto/jce/GnuCrypto.java,0,
0,cfx-next/toolchain_gcc,https://github.com/cfx-next/toolchain_gcc/blob/9ebf49f2a3a264ac21ca77a76d8a06af4cb8d815/gcc-4.6/libjava/classpath/gnu/javax/crypto/jce/GnuCrypto.java,0,
0,cfx-next/toolchain_gcc,https://github.com/cfx-next/toolchain_gcc/blob/9ebf49f2a3a264ac21ca77a76d8a06af4cb8d815/gcc-trunk/libjava/classpath/gnu/javax/crypto/jce/GnuCrypto.java,0,
0,cfx-next/toolchain_gcc,https://github.com/cfx-next/toolchain_gcc/blob/9ebf49f2a3a264ac21ca77a76d8a06af4cb8d815/gcc-4.7/libjava/classpath/gnu/javax/crypto/jce/GnuCrypto.java,0,
0,cfx-next/toolchain_gcc,https://github.com/cfx-next/toolchain_gcc/blob/9ebf49f2a3a264ac21ca77a76d8a06af4cb8d815/gcc-4.8/libjava/classpath/gnu/javax/crypto/jce/GnuCrypto.java,0,
0,stephenR/gcc-fpp,https://github.com/stephenR/gcc-fpp/blob/8c6f61d514bf246bf570eaadc1f03b31a7bb3db2/libjava/classpath/gnu/javax/crypto/jce/GnuCrypto.java,0,
0,zeha/xc16,https://github.com/zeha/xc16/blob/79a887203edf921f4b74cd82f83f4e069b9512b2/src/src/XC_GCC/gcc/libjava/classpath/gnu/javax/crypto/jce/GnuCrypto.java,0,
0,Sponk/DayOSBE,https://github.com/Sponk/DayOSBE/blob/8cc183a137257e34bef415798561e9ee312d9c1b/gcc-5.3.0/libjava/classpath/gnu/javax/crypto/jce/GnuCrypto.java,0,
0,benesch/gcc-mips-harvard-os161,https://github.com/benesch/gcc-mips-harvard-os161/blob/0e6ea4f936df8f51b0c92b1398683d501874504c/libjava/classpath/gnu/javax/crypto/jce/GnuCrypto.java,0,
0,wdibiase/chromecast-mirrored-source.toolchain,https://github.com/wdibiase/chromecast-mirrored-source.toolchain/blob/4691ad865e0fced632358cbe02ec6b669447f3b8/gcc/libjava/classpath/gnu/javax/crypto/jce/GnuCrypto.java,0,
0,ericmckean/nacl-llvm-branches.llvm-gcc-trunk,https://github.com/ericmckean/nacl-llvm-branches.llvm-gcc-trunk/blob/c4a2836edd505777e71ffab91df9a275af518aa1/libjava/classpath/gnu/javax/crypto/jce/GnuCrypto.java,0,
0,muhakbaryasin/compile-gcc-5.3.0-ubuntu-18.04,https://github.com/muhakbaryasin/compile-gcc-5.3.0-ubuntu-18.04/blob/6de1e877c408e32cddf8664e2c85746afe928c75/gcc-5.3.0/libjava/classpath/gnu/javax/crypto/jce/GnuCrypto.java,0,
0,george-hopkins/pkg-cross-gcc-4.8-xtensa-lx106,https://github.com/george-hopkins/pkg-cross-gcc-4.8-xtensa-lx106/blob/e3abe08c5f8b02ec343f2b7d551c1e8688e8ea35/libjava/classpath/gnu/javax/crypto/jce/GnuCrypto.java,0,
0,karlcbalzer/Parallbrid,https://github.com/karlcbalzer/Parallbrid/blob/db423a6b979118184c81ce6ec23c026a5d50a495/libjava/classpath/gnu/javax/crypto/jce/GnuCrypto.java,0,
0,deadloko/gcc-linaro,https://github.com/deadloko/gcc-linaro/blob/1e48eb7f75c3515be666e11f0b47acf3d50b697f/libjava/classpath/gnu/javax/crypto/jce/GnuCrypto.java,0,
0,tizenorg/toolchains.gcc,https://github.com/tizenorg/toolchains.gcc/blob/4ee924ac918007faa1457f75fa4ea73bc15778b7/libjava/classpath/gnu/javax/crypto/jce/GnuCrypto.java,0,
0,DARKCHYLDX101/GCC-UBER,https://github.com/DARKCHYLDX101/GCC-UBER/blob/94ab7404c65fbe2809a591098b024b63aa82f54c/libjava/classpath/gnu/javax/crypto/jce/GnuCrypto.java,0,
0,crystax/android-toolchain-gcc-6,https://github.com/crystax/android-toolchain-gcc-6/blob/154638287176b54c886242c722edd9d5e07e5ccf/libjava/classpath/gnu/javax/crypto/jce/GnuCrypto.java,0,
0,CarlosDiogo01/NUMA_Aware_Thesis,https://github.com/CarlosDiogo01/NUMA_Aware_Thesis/blob/ab427203f00e44bb9f9bb86022191f1506160c97/tools/KNL_Soft/gcc-5.3.0/libjava/classpath/gnu/javax/crypto/jce/GnuCrypto.java,0,
0,Xilinx/gcc,https://github.com/Xilinx/gcc/blob/94898ccda8147e17030e7e58fee6f4b6a1d07e65/libjava/classpath/gnu/javax/crypto/jce/GnuCrypto.java,0,
0,crystax/android-toolchain-gcc-5,https://github.com/crystax/android-toolchain-gcc-5/blob/817b100d9d5b52abda2a8e68462055abf7c193c3/libjava/classpath/gnu/javax/crypto/jce/GnuCrypto.java,0,
0,dennis95/dennix-gcc,https://github.com/dennis95/dennix-gcc/blob/17541ff510b0852ee071f1f511786d6654a4143b/libjava/classpath/gnu/javax/crypto/jce/GnuCrypto.java,0,
0,stuartatpeasy/uClinux-m68k,https://github.com/stuartatpeasy/uClinux-m68k/blob/45a67d78826087351281da0d45701a0fa26e67db/lib/classpath/gnu/javax/crypto/jce/GnuCrypto.java,0,
0,gkyy20/CommonLibrary,https://github.com/gkyy20/CommonLibrary/blob/02c6fbb62088ae48754b18d7b54474d5904f7a33/jp/gkyy/common/util/Encryptor.java,0,
0,silentjesse/code_java_socket,https://github.com/silentjesse/code_java_socket/blob/7cee5440101f580375b8ee9c16393971212c14bf/src/test/EncrypteDecrypte3DES.java,0,
0,jdkoftinoff/mb-linux-msli,https://github.com/jdkoftinoff/mb-linux-msli/blob/8adb103e34af9ff1d8d122e9ee2a1808836f0a14/uClinux-dist/lib/classpath/gnu/javax/crypto/jce/GnuCrypto.java,0,
0,MIPS/toolchain-gcc,https://github.com/MIPS/toolchain-gcc/blob/535de7eb0179bdcd01fcd99f1dad6208250d3706/gcc-4.9/libjava/classpath/gnu/javax/crypto/jce/GnuCrypto.java,0,
0,MIPS/toolchain-gcc,https://github.com/MIPS/toolchain-gcc/blob/535de7eb0179bdcd01fcd99f1dad6208250d3706/gcc-4.8.3/libjava/classpath/gnu/javax/crypto/jce/GnuCrypto.java,0,
0,jameshilliard/ubicom32,https://github.com/jameshilliard/ubicom32/blob/378f930f9d77a3c37c8043632bde3ad6d8e4b222/ubicom32toolchain/gcc/libjava/classpath/gnu/javax/crypto/jce/GnuCrypto.java,0,
0,heliumfire/androux_donut,https://github.com/heliumfire/androux_donut/blob/d2dc30eb834ab020e9f39f4ec2619e9254e14620/external/androux%20/gcc/libjava/classpath/gnu/javax/crypto/jce/GnuCrypto.java,0,
0,andrewchambers/mips-baremetal,https://github.com/andrewchambers/mips-baremetal/blob/5960549d2542d247754153a34ba981763181a5dd/gcc-4.8.1/libjava/classpath/gnu/javax/crypto/jce/GnuCrypto.java,0,
0,sungsujo/nacl-llvm-branches.llvm-gcc,https://github.com/sungsujo/nacl-llvm-branches.llvm-gcc/blob/6af8a94420a576c859aec5cf129fe0a51c33647d/llvm-gcc-4.2/libjava/classpath/gnu/javax/crypto/jce/GnuCrypto.java,0,
0,xiaolindong/cppWorkspace,https://github.com/xiaolindong/cppWorkspace/blob/ff370bdbfc9a306f8f1c60f876d315b2d28a416d/workspace_c++/gcc-6-20150830/libjava/classpath/gnu/javax/crypto/jce/GnuCrypto.java,0,
0,AiJiaZone/gcc,https://github.com/AiJiaZone/gcc/blob/020b390ec5fea21499afc05cf51b83e76a9dba9e/libjava/classpath/gnu/javax/crypto/jce/GnuCrypto.java,0,
0,penberg/classpath,https://github.com/penberg/classpath/blob/aaf337541ddfe97dc0ff1cea1f66f06074798a74/gnu/javax/crypto/jce/GnuCrypto.java,0,
0,AsherBond/MondocosmOS-Dependencies,https://github.com/AsherBond/MondocosmOS-Dependencies/blob/bfd2554e6c2cfc4bc1ecb2b653594ca9f0448392/gcc/libjava/classpath/gnu/javax/crypto/jce/GnuCrypto.java,0,
0,gitGNU/gnu_classpath,https://github.com/gitGNU/gnu_classpath/blob/e7c13ee0cf2005206fbec0eca677f8cf66d5a103/gnu/javax/crypto/jce/GnuCrypto.java,0,
0,chriskmanx/qmole,https://github.com/chriskmanx/qmole/blob/0c14fa363f174b38a6ec5c6f5ffc75960add7c05/QMOLEDEV/classpath-0.98/gnu/javax/crypto/jce/GnuCrypto.java,0,
0,chriskmanx/qmole,https://github.com/chriskmanx/qmole/blob/0c14fa363f174b38a6ec5c6f5ffc75960add7c05/QMOLEDEV/classpath-0.98.old/gnu/javax/crypto/jce/GnuCrypto.java,0,
0,chriskmanx/qmole,https://github.com/chriskmanx/qmole/blob/0c14fa363f174b38a6ec5c6f5ffc75960add7c05/QMOLEDEV/classpath-0.99/gnu/javax/crypto/jce/GnuCrypto.java,0,
0,lorensoo/chromecast-mirrored-source.toolchain,https://github.com/lorensoo/chromecast-mirrored-source.toolchain/blob/4691ad865e0fced632358cbe02ec6b669447f3b8/gcc/libjava/classpath/gnu/javax/crypto/jce/GnuCrypto.java,0,
0,ops-class/gcc,https://github.com/ops-class/gcc/blob/77b63a368989fab5b177eda47ce98340c41e653b/src/libjava/classpath/gnu/javax/crypto/jce/GnuCrypto.java,0,
0,bathtub/llvm-gcc,https://github.com/bathtub/llvm-gcc/blob/15454402ee0d98f7e862eef67c5f6e8056928ee8/libjava/classpath/gnu/javax/crypto/jce/GnuCrypto.java,0,
0,scps950707/classpath-0.99,https://github.com/scps950707/classpath-0.99/blob/aab195659a0a6ab419f3ca104c08161fefb9f413/gnu/javax/crypto/jce/GnuCrypto.java,0,
0,darlingm/gcc,https://github.com/darlingm/gcc/blob/fa7491c89ce1df7d478887ead8d102f7761dbed2/libjava/classpath/gnu/javax/crypto/jce/GnuCrypto.java,0,
0,zhqiang-li/lottery-bbs,https://github.com/zhqiang-li/lottery-bbs/blob/0bfa0f1002586044089ff405e7dc11e332b8fa32/framework-core/src/main/java/com/zhegu/core/frameworkcore/util/CryptUtils.java,0,
0,seato/trash-man,https://github.com/seato/trash-man/blob/4c147e757652b6c344f3f068c2d7c336155af65d/jikesrvm/components/classpath/97.2p13/classpath/gnu/javax/crypto/jce/GnuCrypto.java,0,
0,iains/darwin-gcc-6,https://github.com/iains/darwin-gcc-6/blob/6cff97205ea90c4f5d6e6411cc743c4dd5f282ae/libjava/classpath/gnu/javax/crypto/jce/GnuCrypto.java,0,
0,PrasadG193/gcc_gimple_fe,https://github.com/PrasadG193/gcc_gimple_fe/blob/b5018350ef4c7826f07cf197c68e82bc0d071792/libjava/classpath/gnu/javax/crypto/jce/GnuCrypto.java,0,
0,parhelia512/ulibgcj,https://github.com/parhelia512/ulibgcj/blob/d10cc90bc1e17dd6e1603fa7d3ff49577c875ddc/libjava/classpath/gnu/javax/crypto/jce/GnuCrypto.java,0,
0,felipealmeida/gcc-vc4,https://github.com/felipealmeida/gcc-vc4/blob/d9dc05a18a24f4096a08dd3866da04d1abaf7c1a/libjava/classpath/gnu/javax/crypto/jce/GnuCrypto.java,0,
0,sudosurootdev/gcc,https://github.com/sudosurootdev/gcc/blob/1bf26ed8972b4c59acb0fdaa7e3a3fe59c73b5b6/libjava/classpath/gnu/javax/crypto/jce/GnuCrypto.java,0,
0,viniciusMissima/tiny-tiger,https://github.com/viniciusMissima/tiny-tiger/blob/4640908fe4c93fe3f45817fc7bc49a28a218664e/libjava/classpath/gnu/javax/crypto/jce/GnuCrypto.java,0,
0,axDev-toolchain/gcc-4.8,https://github.com/axDev-toolchain/gcc-4.8/blob/009113d4988fa681595c895a3a27652e946191ce/libjava/classpath/gnu/javax/crypto/jce/GnuCrypto.java,0,
0,fengli/gcc,https://github.com/fengli/gcc/blob/4dab3faeac8e7d10940374836e39f385b57a9f43/libjava/classpath/gnu/javax/crypto/jce/GnuCrypto.java,0,
0,brainhoard/microchip-xc32,https://github.com/brainhoard/microchip-xc32/blob/0df50cc481baab4be4af1986ef993a1825261bc3/gcc/libjava/classpath/gnu/javax/crypto/jce/GnuCrypto.java,0,
0,0xAA/B618s-22d-OSS,https://github.com/0xAA/B618s-22d-OSS/blob/abe4a5a806cb06213f0c0c359894df64489dd153/gcc-4.4.6/libjava/classpath/gnu/javax/crypto/jce/GnuCrypto.java,0,
0,WLeeeee/RAIVE-GCC,https://github.com/WLeeeee/RAIVE-GCC/blob/b95ee8a7f913ee16fc0249d0620b4bc3a1866b06/libjava/classpath/gnu/javax/crypto/jce/GnuCrypto.java,0,
0,jcmvbkbc/gcc-xtensa,https://github.com/jcmvbkbc/gcc-xtensa/blob/d230f4322ce0df8cdeb624d99310e4af9e33060c/libjava/classpath/gnu/javax/crypto/jce/GnuCrypto.java,0,
0,howard2345678/chromecast-mirrored-source.toolchain,https://github.com/howard2345678/chromecast-mirrored-source.toolchain/blob/4691ad865e0fced632358cbe02ec6b669447f3b8/gcc/libjava/classpath/gnu/javax/crypto/jce/GnuCrypto.java,0,
0,RWTH-OS/gcc,https://github.com/RWTH-OS/gcc/blob/3430bb92cc6dca5ef65267fa4ff9b307f17100c6/libjava/classpath/gnu/javax/crypto/jce/GnuCrypto.java,0,
0,pschorf/gcc-races,https://github.com/pschorf/gcc-races/blob/70f4dc30af59b4df3b8507890a8cae85daf0f359/libjava/classpath/gnu/javax/crypto/jce/GnuCrypto.java,0,
0,Bytewerk/uClinux-ipcam,https://github.com/Bytewerk/uClinux-ipcam/blob/c416864ad0743a734715cb6bbceb0699084838e7/lib/classpath/gnu/javax/crypto/jce/GnuCrypto.java,0,
0,TriBITSDevTools/gcc-4.8.3-base,https://github.com/TriBITSDevTools/gcc-4.8.3-base/blob/527edeb8d272c6e2aa840a619b865d696fa8face/gcc-4.8.3/libjava/classpath/gnu/javax/crypto/jce/GnuCrypto.java,0,
0,rosrad/cpp-rep,https://github.com/rosrad/cpp-rep/blob/e86f1ea00ed3ebdf93bbc2d9661feddc72b13240/gcc-4.8.2/libjava/classpath/gnu/javax/crypto/jce/GnuCrypto.java,0,
0,milksteak-project/android_toolchain_gcc_gcc-4.9,https://github.com/milksteak-project/android_toolchain_gcc_gcc-4.9/blob/9e39b8b352eaa358fa80fc73722c89560e85b054/libjava/classpath/gnu/javax/crypto/jce/GnuCrypto.java,0,
0,techno/gcc-mist32,https://github.com/techno/gcc-mist32/blob/5d9222064da7868b914f2bb5dd322b4659ed7daa/libjava/classpath/gnu/javax/crypto/jce/GnuCrypto.java,0,
0,dog42/hlkrm04,https://github.com/dog42/hlkrm04/blob/d66a2dc8edc6c51d7945d66d778f6d85587906f2/trunk/build_dir/toolchain-mipsel_24kec+dsp_gcc-4.6-linaro_uClibc-0.9.33.2/gcc-linaro-4.6-2013.05/libjava/classpath/gnu/javax/crypto/jce/GnuCrypto.java,0,
0,heliumfire/psp_sdk_dev,https://github.com/heliumfire/psp_sdk_dev/blob/e9064e510fbd493847fc8875e0e4adb35c205c42/psptoolchain/build/gcc-4.3.2/libjava/classpath/gnu/javax/crypto/jce/GnuCrypto.java,0,
0,GarethNelson/garethix,https://github.com/GarethNelson/garethix/blob/3927f87000e90656552017a97e11ff0863531cfd/toolchain/gcc-4.7.2/libjava/classpath/gnu/javax/crypto/jce/GnuCrypto.java,0,
0,jatovm/classpath,https://github.com/jatovm/classpath/blob/0116515b19e73f3589092b47dbfe6acbccd811d4/gnu/javax/crypto/jce/GnuCrypto.java,0,
0,jon-y/gcc,https://github.com/jon-y/gcc/blob/019ba32b97d0c311e92d4f7802ae655a8e60c269/libjava/classpath/gnu/javax/crypto/jce/GnuCrypto.java,0,
0,tru2malice/chromecast-mirrored-source.toolchain,https://github.com/tru2malice/chromecast-mirrored-source.toolchain/blob/4691ad865e0fced632358cbe02ec6b669447f3b8/gcc/libjava/classpath/gnu/javax/crypto/jce/GnuCrypto.java,0,
0,tuxillo/aarch64-dragonfly-gcc,https://github.com/tuxillo/aarch64-dragonfly-gcc/blob/6de19d80b4dcd2e67039ff45515fde9210200393/libjava/classpath/gnu/javax/crypto/jce/GnuCrypto.java,0,
0,ramjet-labs/avr-toolchain,https://github.com/ramjet-labs/avr-toolchain/blob/0d53a0d9316323796693583dee347e542d0accc0/gcc/libjava/classpath/gnu/javax/crypto/jce/GnuCrypto.java,0,
0,cepr/xc32,https://github.com/cepr/xc32/blob/c91d4548e594bb47d71270baf518ba63236bae68/gcc/libjava/classpath/gnu/javax/crypto/jce/GnuCrypto.java,0,
0,roylemmon/gcc-toolchain,https://github.com/roylemmon/gcc-toolchain/blob/f86123722e8056872aa7ddffb69c3351a49a29a7/gcc-5.3.0/libjava/classpath/gnu/javax/crypto/jce/GnuCrypto.java,0,
0,sky8336/google-android-gcc,https://github.com/sky8336/google-android-gcc/blob/0c5a656a1322e137fa4a251f2ccc6c4022918c0a/gcc-4.9/libjava/classpath/gnu/javax/crypto/jce/GnuCrypto.java,0,
0,sky8336/google-android-gcc,https://github.com/sky8336/google-android-gcc/blob/0c5a656a1322e137fa4a251f2ccc6c4022918c0a/gcc-4.8.3/libjava/classpath/gnu/javax/crypto/jce/GnuCrypto.java,0,
0,llvm-git-prototype/archive,https://github.com/llvm-git-prototype/archive/blob/3c375d1143c2a73652440fb02c1222b2fdb6ba33/llvm-gcc-4.2/libjava/classpath/gnu/javax/crypto/jce/GnuCrypto.java,0,
0,freedesktop/gstreamer-sdk-gcc,https://github.com/freedesktop/gstreamer-sdk-gcc/blob/2b375a0a9419f45e9f9387306519949835ce748c/libjava/classpath/gnu/javax/crypto/jce/GnuCrypto.java,0,
0,mazecode/AmicarServlets_Desinscritos,https://github.com/mazecode/AmicarServlets_Desinscritos/blob/0d95d8618f8bddd4d43a3db50b05efa6b3083ccd/src/main/java/cl/intelidata/amicar/util/MCrypt.java,0,
0,ccompiler4pic32/pic32-gcc,https://github.com/ccompiler4pic32/pic32-gcc/blob/c8ac50e220f54e61ab5bd1908c30193d70c8ce4e/libjava/classpath/gnu/javax/crypto/jce/GnuCrypto.java,0,
0,SkrilaxCZ/linux_cross_custom,https://github.com/SkrilaxCZ/linux_cross_custom/blob/42b0a8dd089ab41f1413ad95acbd17609cae67e4/gcc-4.7.3/libjava/classpath/gnu/javax/crypto/jce/GnuCrypto.java,0,
0,buaabyl/lm8-gcc,https://github.com/buaabyl/lm8-gcc/blob/04918453d576750dcbef7e6ccf3972568c6edcc8/gcc-4.4.3/libjava/classpath/gnu/javax/crypto/jce/GnuCrypto.java,0,
0,rlacephas/cmbprof,https://github.com/rlacephas/cmbprof/blob/b92d10bd3b7f5e84cf8b6acd1ceefe864d730ed7/llvm/src/llvm-gcc-2.8-cp/libjava/classpath/gnu/javax/crypto/jce/GnuCrypto.java,0,
0,iains/darwin-gcc-5,https://github.com/iains/darwin-gcc-5/blob/5a26c0ed5926beab480fd3f3ec24fbb6685a9c01/libjava/classpath/gnu/javax/crypto/jce/GnuCrypto.java,0,
0,linux-team/loongson-gccgo,https://github.com/linux-team/loongson-gccgo/blob/0e9ce530d95a77be5cfe24e25f19585bdce242f5/libjava/classpath/gnu/javax/crypto/jce/GnuCrypto.java,0,
0,kito-cheng/gcc,https://github.com/kito-cheng/gcc/blob/9d65fe51dc4c9e12c7ce6456201d06f79e316d78/libjava/classpath/gnu/javax/crypto/jce/GnuCrypto.java,0,
0,spartan263/vizio_oss-toolchain,https://github.com/spartan263/vizio_oss-toolchain/blob/e0d306a97f73e84cc868d10221837b8a6ebe4ff5/toolchain-mtk-src/OpenS/gcc/4.2.0/libjava/classpath/gnu/javax/crypto/jce/GnuCrypto.java,0,
0,spartan263/vizio_oss-toolchain,https://github.com/spartan263/vizio_oss-toolchain/blob/e0d306a97f73e84cc868d10221837b8a6ebe4ff5/toolchain-mtk-src/OpenS/gcc/4.5.1/libjava/classpath/gnu/javax/crypto/jce/GnuCrypto.java,0,
0,haoyangw/gcc-linaro,https://github.com/haoyangw/gcc-linaro/blob/9b0240fb017d2757a1a004f4ec3ec2d820ad06f8/libjava/classpath/gnu/javax/crypto/jce/GnuCrypto.java,0,
0,thomas1026lee/chromecast-mirrored-source.toolchain,https://github.com/thomas1026lee/chromecast-mirrored-source.toolchain/blob/4691ad865e0fced632358cbe02ec6b669447f3b8/gcc/libjava/classpath/gnu/javax/crypto/jce/GnuCrypto.java,0,
0,DmitrySkiba/itoa-toolchain,https://github.com/DmitrySkiba/itoa-toolchain/blob/cd71a1881726908651cadbbdbc8bc598285e7f47/src/gcc-4.2.1/libjava/classpath/gnu/javax/crypto/jce/GnuCrypto.java,0,
0,PeyloW/gcc-4.6.4,https://github.com/PeyloW/gcc-4.6.4/blob/6ac0b2e27f65b64579f346b731fbf2468511080a/libjava/classpath/gnu/javax/crypto/jce/GnuCrypto.java,0,
0,h4ck3rm1k3/gcc,https://github.com/h4ck3rm1k3/gcc/blob/f973297ee94f767dd91e9b1855b2b9c5095acd60/libjava/classpath/gnu/javax/crypto/jce/GnuCrypto.java,0,
0,sirkay/toolchains,https://github.com/sirkay/toolchains/blob/84e69b787c0d320401ac36b447504c1efdc3f2e5/gcc-linaro-4.6-2011.12/libjava/classpath/gnu/javax/crypto/jce/GnuCrypto.java,0,
0,mm120/gcc-vc4,https://github.com/mm120/gcc-vc4/blob/d9dc05a18a24f4096a08dd3866da04d1abaf7c1a/libjava/classpath/gnu/javax/crypto/jce/GnuCrypto.java,0,
0,basicthinker/PTMC,https://github.com/basicthinker/PTMC/blob/cf31f4e46654cf967d2b3731f16fdb570be26ba0/llvm-gcc-R3/libjava/classpath/gnu/javax/crypto/jce/GnuCrypto.java,0,
0,pdziepak/quarnos-build,https://github.com/pdziepak/quarnos-build/blob/e0d0cf03ed0d6216b04051f09b4621d2162b25d7/gcc/sources/libjava/classpath/gnu/javax/crypto/jce/GnuCrypto.java,0,
0,claziss/gcc,https://github.com/claziss/gcc/blob/25a0aed7ba2e2d74e77eef054c5aac9a47c9d995/libjava/classpath/gnu/javax/crypto/jce/GnuCrypto.java,0,
0,selmentdev/selment-toolchain,https://github.com/selmentdev/selment-toolchain/blob/88ffb57e4794efae87dbcf523cbba02edabf3831/source/gcc-latest/libjava/classpath/gnu/javax/crypto/jce/GnuCrypto.java,0,
0,jerbob92/boxee-meego,https://github.com/jerbob92/boxee-meego/blob/b82ac213aa6038f763d7196691d6b9d5b54b6487/src/toolchain/googletv-mirrored-source.toolchain/gcc/libjava/classpath/gnu/javax/crypto/jce/GnuCrypto.java,0,
0,Blzut3/SeparateCheckingGCC,https://github.com/Blzut3/SeparateCheckingGCC/blob/b207d15209b45a326edc5fa6fb3813ae1e1a34fd/libjava/classpath/gnu/javax/crypto/jce/GnuCrypto.java,0,
0,Persper/libptm,https://github.com/Persper/libptm/blob/0fc5b49795d42b0358d96814d17f617665593519/gcc/libjava/classpath/gnu/javax/crypto/jce/GnuCrypto.java,0,
0,multi-os-engine/moe-tests,https://github.com/multi-os-engine/moe-tests/blob/5d652553e96a932d3e682c9c5f7fe4ad5571628d/libcore_tests/src/test/java/groups/JunitExtJavaxCrypto.java,0,
0,mazecode/AddFixBodyAmicar,https://github.com/mazecode/AddFixBodyAmicar/blob/8a6cb95b936ca31660a2b16093bc85b4056819e7/src/main/java/cl/intelidata/amicar/util/MCrypt.java,0,
0,kanaida/LG-Esteem-Homeless-Kernel,https://github.com/kanaida/LG-Esteem-Homeless-Kernel/blob/a5780f82bef7631fdb43b079e6f9ea6dbd187ac7/out/target/common/obj/JAVA_LIBRARIES/android_stubs_current_intermediates/src/javax/crypto/Cipher.java,0,
0,team-miracle/android-7.1.1_r13_apps-lib,https://github.com/team-miracle/android-7.1.1_r13_apps-lib/blob/1a7f22b3febd8df210567587a070b2c3dbd33180/out/target/common/obj/JAVA_LIBRARIES/android_stubs_current_intermediates/src/javax/crypto/Cipher.java,0,
0,team-miracle/android-7.1.1_r13_apps-lib,https://github.com/team-miracle/android-7.1.1_r13_apps-lib/blob/1a7f22b3febd8df210567587a070b2c3dbd33180/out/target/common/obj/JAVA_LIBRARIES/android_system_stubs_current_intermediates/src/javax/crypto/Cipher.java,0,
0,team-miracle/android-7.1.1_r13_apps-lib,https://github.com/team-miracle/android-7.1.1_r13_apps-lib/blob/1a7f22b3febd8df210567587a070b2c3dbd33180/out/target/common/obj/JAVA_LIBRARIES/android_test_stubs_current_intermediates/src/javax/crypto/Cipher.java,0,
0,cornell-brg/pydgin-arm-xcc,https://github.com/cornell-brg/pydgin-arm-xcc/blob/0e6a9d1b5ca211475386eb679a79bf6297734322/src/gcc-4.3.3/libjava/classpath/gnu/javax/crypto/jce/GnuCrypto.java,0,
0,adobe-flash/crossbridge,https://github.com/adobe-flash/crossbridge/blob/f8c6eff42a2936d66c5a7aa1d5fbc35379985fb5/llvm-gcc-4.2-2.9/libjava/classpath/gnu/javax/crypto/jce/GnuCrypto.java,0,
0,stephenR/fp-protect,https://github.com/stephenR/fp-protect/blob/9ffb4594887ea7b3ce7537a2318d6b7c670ea530/gcc/libjava/classpath/gnu/javax/crypto/jce/GnuCrypto.java,0,
0,svn2github/openrisc,https://github.com/svn2github/openrisc/blob/cafbafad7f1f294c46b7d7209c60f5aff1eb373f/trunk/gnu-dev/or1k-gcc/libjava/classpath/gnu/javax/crypto/jce/GnuCrypto.java,0,
0,svn2github/openrisc,https://github.com/svn2github/openrisc/blob/cafbafad7f1f294c46b7d7209c60f5aff1eb373f/tags/gnu-dev/fsf-gcc-snapshot-1-mar-12/or1k-gcc/libjava/classpath/gnu/javax/crypto/jce/GnuCrypto.java,0,
0,shizhai/wprobe,https://github.com/shizhai/wprobe/blob/9eba0d60ed09783713f9d0ce337711697752910a/build_dir/toolchain-mips_r2_gcc-4.6-linaro_uClibc-0.9.33.2/gcc-linaro-4.6-2012.12/libjava/classpath/gnu/javax/crypto/jce/GnuCrypto.java,0,
0,doslab/gcc-designated-initializer-support-cpp,https://github.com/doslab/gcc-designated-initializer-support-cpp/blob/78015ede7b6a7e7d3fc216cc7482b7174fc263e0/libjava/classpath/gnu/javax/crypto/jce/GnuCrypto.java,0,
0,nmacs/lm3s-uclinux,https://github.com/nmacs/lm3s-uclinux/blob/60601f397362ecb775a4d6c6334649880e3313a7/lib/classpath/gnu/javax/crypto/jce/GnuCrypto.java,0,
0,crystax/android-toolchain-gcc-4-9,https://github.com/crystax/android-toolchain-gcc-4-9/blob/58ca50a08e5f5f1fe537921a950ccd6094de303c/libjava/classpath/gnu/javax/crypto/jce/GnuCrypto.java,0,
0,a-ray-of-sunshine/classpath,https://github.com/a-ray-of-sunshine/classpath/blob/e7c13ee0cf2005206fbec0eca677f8cf66d5a103/gnu/javax/crypto/jce/GnuCrypto.java,0,
0,midipix-ports/cbb-gcc-4.6.4,https://github.com/midipix-ports/cbb-gcc-4.6.4/blob/48b240ad113408eaf0ae7ab4b8da95e4d5aba511/libjava/classpath/gnu/javax/crypto/jce/GnuCrypto.java,0,
0,ArtemL/GCC,https://github.com/ArtemL/GCC/blob/6cc7820d6406d8db8d8c154a895f92154ec98d5a/gcc-4.9.2-20150212/libjava/classpath/gnu/javax/crypto/jce/GnuCrypto.java,0,
0,insane-adding-machines/gcc-arm-frosted-eabi,https://github.com/insane-adding-machines/gcc-arm-frosted-eabi/blob/1c8f4aade757d137fcfd6530c52166585aaa3c54/gcc-arm-frosted-eabi-5_2-2015q4/src/gcc/libjava/classpath/gnu/javax/crypto/jce/GnuCrypto.java,0,
0,rshariffdeen/zesti,https://github.com/rshariffdeen/zesti/blob/bfce2c034456985344c3d5bdab7fb48bffb903b0/llvm-gcc-4.2/libjava/classpath/gnu/javax/crypto/jce/GnuCrypto.java,0,
0,Krakonos/kgcc,https://github.com/Krakonos/kgcc/blob/b5e88f74bd493292926fde8335604e092308ab0b/libjava/classpath/gnu/javax/crypto/jce/GnuCrypto.java,0,
0,akhilnarang/gcc,https://github.com/akhilnarang/gcc/blob/ea7b60a15a01538c82fd5947bfa89e5d26f2960d/libjava/classpath/gnu/javax/crypto/jce/GnuCrypto.java,0,
0,robacklin/uclinux,https://github.com/robacklin/uclinux/blob/69883fd6099b5ad29c11bd3c1629d71701dc2310/lib/classpath/gnu/javax/crypto/jce/GnuCrypto.java,0,
0,epicsdeb/rtems-gcc-newlib,https://github.com/epicsdeb/rtems-gcc-newlib/blob/bd45733f6c0645ef19c0b9b4926703b41dd05539/gcc/libjava/classpath/gnu/javax/crypto/jce/GnuCrypto.java,0,
0,puppeh/gcc-6502,https://github.com/puppeh/gcc-6502/blob/a4598c5dcc2ed4087893d67e111bb2350341b422/libjava/classpath/gnu/javax/crypto/jce/GnuCrypto.java,0,
0,embecosm/gcc,https://github.com/embecosm/gcc/blob/a91e40e6e6e97536a789be1c90d7849562216110/libjava/classpath/gnu/javax/crypto/jce/GnuCrypto.java,0,
0,davideleoni90/gcc-4.8.4,https://github.com/davideleoni90/gcc-4.8.4/blob/13304c68d69f82a3e13b4da4d610aa4e78b79ab3/libjava/classpath/gnu/javax/crypto/jce/GnuCrypto.java,0,
0,MIPS/mips-src,https://github.com/MIPS/mips-src/blob/ebe2090bdc84d4c0d1028cb668c6772511936370/gcc/gcc-4.4.3/libjava/classpath/gnu/javax/crypto/jce/GnuCrypto.java,0,
0,lispc/My-GCC-Source,https://github.com/lispc/My-GCC-Source/blob/5165386c7d5c5501f5b4bc641fa984d36bbbc89e/libjava/classpath/gnu/javax/crypto/jce/GnuCrypto.java,0,
0,the-linix-project/linix-kernel-source,https://github.com/the-linix-project/linix-kernel-source/blob/c91c219ed2f9655847d9038d133f2c5f38303bca/gccsrc/gcc-4.7.2/libjava/classpath/gnu/javax/crypto/jce/GnuCrypto.java,0,
0,jjones-cavium/gcc,https://github.com/jjones-cavium/gcc/blob/e9b411199d415826d88e7cd578aa77949e2f3ba3/libjava/classpath/gnu/javax/crypto/jce/GnuCrypto.java,0,
0,xb446909/personalprojects,https://github.com/xb446909/personalprojects/blob/09bf9898256a44c2aba24c535a5eec001101f5f1/ARMToolChain/source/gcc-5.2.0/libjava/classpath/gnu/javax/crypto/jce/GnuCrypto.java,0,
0,xb446909/personalprojects,https://github.com/xb446909/personalprojects/blob/09bf9898256a44c2aba24c535a5eec001101f5f1/crosstool/source/gcc-5.2.0/libjava/classpath/gnu/javax/crypto/jce/GnuCrypto.java,0,
0,xsacha/SymbianGCC,https://github.com/xsacha/SymbianGCC/blob/ee7cc3a1f5bc3bb66da817eb9434cda9d1a0821c/libjava/classpath/gnu/javax/crypto/jce/GnuCrypto.java,0,
0,yljack/chromecast-mirrored-source.toolchain,https://github.com/yljack/chromecast-mirrored-source.toolchain/blob/4691ad865e0fced632358cbe02ec6b669447f3b8/gcc/libjava/classpath/gnu/javax/crypto/jce/GnuCrypto.java,0,
0,optimsoc/gzll-gcc,https://github.com/optimsoc/gzll-gcc/blob/bd49af0a4ec7ea417cb7bcb778f54a861a2a01d9/libjava/classpath/gnu/javax/crypto/jce/GnuCrypto.java,0,
0,mzhou0115/tmp,https://github.com/mzhou0115/tmp/blob/6e0ac36fdf110b3651ab94d91cd5358e572b63bf/gcc-4.8.2/libjava/classpath/gnu/javax/crypto/jce/GnuCrypto.java,0,
0,zapster/classpath-travis,https://github.com/zapster/classpath-travis/blob/51d71111b4dbc032027428aad72069a4d07eb3da/gnu/javax/crypto/jce/GnuCrypto.java,0,
0,HorseMa/uClinux-STM32,https://github.com/HorseMa/uClinux-STM32/blob/e0f4cc5029de32e09b17c5c5195c1ff686cb70d7/uClinux-dist/lib/classpath/gnu/javax/crypto/jce/GnuCrypto.java,0,
0,ALAxHxC/MVPmonitora,https://github.com/ALAxHxC/MVPmonitora/blob/1fcb4543befe3d31a7378e98e64c0f09880811e7/app/src/main/java/ponny/org/monitora/utils/CipherMonitora.java,0,
0,zwsong/repo-1,https://github.com/zwsong/repo-1/blob/f3f7eea06097e3dcc3bb0c6f4f386abbddcec5bd/test/out/target/common/obj/JAVA_LIBRARIES/android_stubs_current_intermediates/src/javax/crypto/Cipher.java,0,
0,zwsong/repo-1,https://github.com/zwsong/repo-1/blob/f3f7eea06097e3dcc3bb0c6f4f386abbddcec5bd/test/out/target/common/obj/JAVA_LIBRARIES/android_system_stubs_current_intermediates/src/javax/crypto/Cipher.java,0,
0,Lydux/gcc-4.6.2-human68k,https://github.com/Lydux/gcc-4.6.2-human68k/blob/bc938e215fc37517d6d8eeb539490aa025edac82/libjava/classpath/gnu/javax/crypto/jce/GnuCrypto.java,0,
0,nds32/gcc,https://github.com/nds32/gcc/blob/9c7948d7a0a3e5f334d33429484856ff2d29f9e2/libjava/classpath/gnu/javax/crypto/jce/GnuCrypto.java,0,
0,donaldyan/ESP8266,https://github.com/donaldyan/ESP8266/blob/3677d1807f7a20f0a3f8b3c89b1355c9774fa77d/MacOS/esptools/esp-open-sdk/crosstool-NG/.build/src/gcc-4.8.2/libjava/classpath/gnu/javax/crypto/jce/GnuCrypto.java,0,
0,sungsujo/nacl-llvm-branches.llvm-gcc-trunk,https://github.com/sungsujo/nacl-llvm-branches.llvm-gcc-trunk/blob/c4a2836edd505777e71ffab91df9a275af518aa1/libjava/classpath/gnu/javax/crypto/jce/GnuCrypto.java,0,
0,embecosm/epiphany-gcc,https://github.com/embecosm/epiphany-gcc/blob/e93edd959f3fbb753a47fa53e0d02b50691610e8/libjava/classpath/gnu/javax/crypto/jce/GnuCrypto.java,0,
0,zhouwg/jcc,https://github.com/zhouwg/jcc/blob/d9a9f4351d91ba5b3615f7ae47cba073b19af951/libjava/classpath/gnu/javax/crypto/jce/GnuCrypto.java,0,
0,ZionRyan/Crypto,https://github.com/ZionRyan/Crypto/blob/98b1a8679748cdd3081e89640fb25cc12b221a80/src/CryptoTool/AESFileEncryption.java,0,
0,omusico/dterp,https://github.com/omusico/dterp/blob/a84ec9ce7bc9bee5cb9f5a8a2c62cdc04f294bdf/dterp/src/include/tree_index/NseerParent.java,0,
0,baijiezi/eclipse-jee-juno-github,https://github.com/baijiezi/eclipse-jee-juno-github/blob/54126f64fd1b720587176edae5919468db5fb0be/myworkspace/MyJavaPrj/src/utils/JUtils/chenbug/chineseren/CryptUtils.java,0,
0,baijiezi/eclipse-jee-juno-github,https://github.com/baijiezi/eclipse-jee-juno-github/blob/54126f64fd1b720587176edae5919468db5fb0be/myworkspace/MyJavaPrj/src/utils/JUtils/other/CryptUtils.java,0,
0,yukitsuji/embedded_OS_by_12steps,https://github.com/yukitsuji/embedded_OS_by_12steps/blob/7edf2fcbee07cc62fa5c09dc73e29cfc46f64a58/build/gcc-4.7.1/libjava/classpath/gnu/javax/crypto/jce/GnuCrypto.java,0,
0,mazecode/AmicarCotizantev2,https://github.com/mazecode/AmicarCotizantev2/blob/d8659e1d8c61987a90b43bead2ffa47fbce47a1b/Servlets/AmicarAddFixBody/src/main/java/cl/intelidata/amicar/util/MCrypt.java,0,
0,mazecode/AmicarCotizantev2,https://github.com/mazecode/AmicarCotizantev2/blob/d8659e1d8c61987a90b43bead2ffa47fbce47a1b/Servlets/AmicarServlets/src/main/java/cl/intelidata/amicar/util/MCrypt.java,0,
0,embecosm/avr32-gcc,https://github.com/embecosm/avr32-gcc/blob/8fb5e440753fc3ad9e0a19eb88d714b1ed6923b3/libjava/classpath/gnu/javax/crypto/jce/GnuCrypto.java,0,
0,multi-os-engine/moe-tests,https://github.com/multi-os-engine/moe-tests/blob/5d652553e96a932d3e682c9c5f7fe4ad5571628d/libcore_tests/src/test/java/groups/JunitExtJavaxCryptoSpec.java,0,
0,rjs1197/training,https://github.com/rjs1197/training/blob/f8775a1a15b1567b16212ce3050be38f45d87b23/java/acting/ch04/sec04/impl/AESCipher.java,0,
0,j8unit-team/j8unit,https://github.com/j8unit-team/j8unit/blob/2a662c5b2c4a40b6ac42d2b9f601cc4d586ce41c/repository/src/test/java/org/j8unit/repository/javax/crypto/CipherClassTest.java,0,
0,nmldiegues/jvm-stm,https://github.com/nmldiegues/jvm-stm/blob/d422d78ba8efc99409ecb49efdb4edf4884658df/classpath-0.98/gnu/javax/crypto/jce/GnuCrypto.java,0,
0,ds2dev/gcc,https://github.com/ds2dev/gcc/blob/c13071ae80e450d360ed4048a4badcf0869ceab5/gcc-4.9/libjava/classpath/gnu/javax/crypto/jce/GnuCrypto.java,0,
0,uiv/Lerdu,https://github.com/uiv/Lerdu/blob/c4aa3b1c5fb01908d62d25d9e71c0f6165b64b7d/contrib/gcc/libjava/classpath/gnu/javax/crypto/jce/GnuCrypto.java,0,
0,freedesktop-unofficial-mirror/gstreamer-sdk__gcc,https://github.com/freedesktop-unofficial-mirror/gstreamer-sdk__gcc/blob/2b375a0a9419f45e9f9387306519949835ce748c/libjava/classpath/gnu/javax/crypto/jce/GnuCrypto.java,0,
0,coolshou/screenplay-dx_Toolchain,https://github.com/coolshou/screenplay-dx_Toolchain/blob/818243d0c372e168311d2e67ceb1f43f7a124eec/source/source-zip/gcc-4.3/libjava/classpath/gnu/javax/crypto/jce/GnuCrypto.java,0,
0,iains/darwin-gcc-4-8,https://github.com/iains/darwin-gcc-4-8/blob/9034f44a9bfe0264411ceb048c002e2d35242caf/libjava/classpath/gnu/javax/crypto/jce/GnuCrypto.java,0,
0,rofirrim/gcc-tiny,https://github.com/rofirrim/gcc-tiny/blob/4640908fe4c93fe3f45817fc7bc49a28a218664e/libjava/classpath/gnu/javax/crypto/jce/GnuCrypto.java,0,
0,luisfrsa/gcc_tiny,https://github.com/luisfrsa/gcc_tiny/blob/2e9404b4fdf1e2a89ffa152c3f36f27d76156e8f/gcc-src/libjava/classpath/gnu/javax/crypto/jce/GnuCrypto.java,0,
0,luisfrsa/gcc_tiny,https://github.com/luisfrsa/gcc_tiny/blob/2e9404b4fdf1e2a89ffa152c3f36f27d76156e8f/gcc-src/libjava/classpath/gnu/javax/crypto/jce/GnuCrypto.java,0,
0,cfriedt/classpath,https://github.com/cfriedt/classpath/blob/ceaf401638b2861881d843c08d7800c03bc22e7b/gnu/javax/crypto/jce/GnuCrypto.java,0,
0,jaggerlink/cs356,https://github.com/jaggerlink/cs356/blob/030219e152b4f61ee47fbfe394b8541998e8aefb/jikesrvm-3.1.0/components/classpath/97.2p8/classpath/gnu/javax/crypto/jce/GnuCrypto.java,0,
0,RenderBroken/GCC-UBER,https://github.com/RenderBroken/GCC-UBER/blob/79cf721c076c3af3054a6004c8efb8d5c655e3a3/libjava/classpath/gnu/javax/crypto/jce/GnuCrypto.java,0,
0,chipKIT32/chipKIT-cxx,https://github.com/chipKIT32/chipKIT-cxx/blob/206f1ae640f9982d5fa38698e87492b24b29ab4e/src48x/gcc/libjava/classpath/gnu/javax/crypto/jce/GnuCrypto.java,0,
0,YoungLeeNENU/My-Emacs-Configuration,https://github.com/YoungLeeNENU/My-Emacs-Configuration/blob/b606b6f97624f8aea68976a875e3bc0e70e58639/plugins/gcc-code-assist-0.1-4.4.4/libjava/classpath/gnu/javax/crypto/jce/GnuCrypto.java,0,
0,mattstock/bexkat1-gcc,https://github.com/mattstock/bexkat1-gcc/blob/e7a3000b7454950ea5955ec1cdfe1dff72b55242/libjava/classpath/gnu/javax/crypto/jce/GnuCrypto.java,0,
0,lihec/angulartest,https://github.com/lihec/angulartest/blob/b5d711d47e8f25583df09f21732abd96f8ecaeb4/src/main/java/com/spbt/util/encrypt/AESCoder.java,0,
0,vcu-swim-lab/lsh-for-source-code,https://github.com/vcu-swim-lab/lsh-for-source-code/blob/fac9adfbd98a4d73122a8fc1a0e0cc4f45e9dcd4/Big_Clone_Bench_files_used/bcb_reduced/3/selected/825410.java,0,
0,DayOperatingSystem/Binutils,https://github.com/DayOperatingSystem/Binutils/blob/38485e2cb5259fd91c884dab553b5b750c62cd60/gcc-5.3.0/libjava/classpath/gnu/javax/crypto/jce/GnuCrypto.java,0,
0,open-power-host-os/gcc,https://github.com/open-power-host-os/gcc/blob/79a21739f1484185ecea2200ccb172e129ab4073/libjava/classpath/gnu/javax/crypto/jce/GnuCrypto.java,0,
0,sigma-1/android_toolchain_gcc,https://github.com/sigma-1/android_toolchain_gcc/blob/995bbf9b532037821cde226d61c205f8df9e49ff/gcc-4.8.3/libjava/classpath/gnu/javax/crypto/jce/GnuCrypto.java,0,
0,sigma-1/android_toolchain_gcc,https://github.com/sigma-1/android_toolchain_gcc/blob/995bbf9b532037821cde226d61c205f8df9e49ff/gcc-4.9/libjava/classpath/gnu/javax/crypto/jce/GnuCrypto.java,0,
0,riscv/riscv-old-gcc,https://github.com/riscv/riscv-old-gcc/blob/90205b379c527119bc8d36d78a9b6221146e9759/libjava/classpath/gnu/javax/crypto/jce/GnuCrypto.java,0,
0,XUZMA/Xiean,https://github.com/XUZMA/Xiean/blob/6191751b3d06339b2e950364329bd5e2980393f3/SRC/libjava/classpath/gnu/javax/crypto/jce/GnuCrypto.java,0,
0,FullMentalPanic/RTEMS_NEW_TOOL_CHAIN,https://github.com/FullMentalPanic/RTEMS_NEW_TOOL_CHAIN/blob/fd3cceb66ea1f6434070699b7f9ef4b32805141f/rtems-4.10/tool/gcc-4.4.7/libjava/classpath/gnu/javax/crypto/jce/GnuCrypto.java,0,
0,KangDroidSMProject/KangDroidAndroidLinaroGCC,https://github.com/KangDroidSMProject/KangDroidAndroidLinaroGCC/blob/c14138fb65cdd8cb0dbc9a43274cff6e0d88bace/libjava/classpath/gnu/javax/crypto/jce/GnuCrypto.java,0,
0,jumbojett/hiphop-php-docker,https://github.com/jumbojett/hiphop-php-docker/blob/51ae1a35e387c05f936cf59ed9d23965554d4b87/src/gcc-4.6.3/libjava/classpath/gnu/javax/crypto/jce/GnuCrypto.java,0,
0,davidgiven/gcc-vc4,https://github.com/davidgiven/gcc-vc4/blob/9b6da7832983d4a2ab6bc805f778802d316dfc42/libjava/classpath/gnu/javax/crypto/jce/GnuCrypto.java,0,
0,geoff-codes/llvm-gcc-4.2,https://github.com/geoff-codes/llvm-gcc-4.2/blob/dfe79937a227ac3a7a8fb98a938d71700fc0d5e6/libjava/classpath/gnu/javax/crypto/jce/GnuCrypto.java,0,
0,pl-ent-lang/entbench,https://github.com/pl-ent-lang/entbench/blob/b23a9e2ac1bae2fb51a93699e9da5a5993a23b61/findbugs/adapt_run/classpath-0.99/gnu/javax/crypto/jce/GnuCrypto.java,0,
0,ccilab/gcc,https://github.com/ccilab/gcc/blob/5066814d621db0e67c908df8b5d90d87b61125ac/libjava/classpath/gnu/javax/crypto/jce/GnuCrypto.java,0,
0,lookingglass-coding/lookingglass-ide,https://github.com/lookingglass-coding/lookingglass-ide/blob/fd6b440a2ad7a1a0aee4560eb5eaa546bf72c557/core/util/src/main/java/edu/cmu/cs/dennisc/javax/crypto/CryptographyUtilities.java,0,
0,somyungsub/study-corejava9,https://github.com/somyungsub/study-corejava9/blob/777b056231da1b24bcca06adecbad8faf81ae9e8/src/ch04/sec04/impl/AESCipher.java,0,
0,kidaa/HDTheatre,https://github.com/kidaa/HDTheatre/blob/552a175d8f06ac70819fd6350f6166e8be01bb13/cupcake/out/target/common/obj/JAVA_LIBRARIES/android_stubs_current_intermediates/src/javax/crypto/Cipher.java,0,
0,danyaberezun/JBPractise,https://github.com/danyaberezun/JBPractise/blob/6e83884f0a7b16b419ef9bdeda66287b796287f6/jikesrvm-3.1.3/components/classpath/97.2p13/classpath/gnu/javax/crypto/jce/GnuCrypto.java,0,
0,kaostao/gcc,https://github.com/kaostao/gcc/blob/9a5e9a7fbb3299465a69d84d01d3a38f95ff6758/libjava/classpath/gnu/javax/crypto/jce/GnuCrypto.java,0,
0,iains/darwin-gcc-4-7,https://github.com/iains/darwin-gcc-4-7/blob/8f0b40824cb6367572bf248ac5f8fbb6e451da40/libjava/classpath/gnu/javax/crypto/jce/GnuCrypto.java,0,
0,brainhoard/microchip-xc16,https://github.com/brainhoard/microchip-xc16/blob/b0624f03747571a291c6754a50077f954c64b1b4/src/XC_GCC/gcc/libjava/classpath/gnu/javax/crypto/jce/GnuCrypto.java,0,
0,crystax/android-toolchain-gcc,https://github.com/crystax/android-toolchain-gcc/blob/59d5dfeb11366a13fc2ab82edce33451dbb8c76a/gcc-4.9/libjava/classpath/gnu/javax/crypto/jce/GnuCrypto.java,0,
0,crystax/android-toolchain-gcc,https://github.com/crystax/android-toolchain-gcc/blob/59d5dfeb11366a13fc2ab82edce33451dbb8c76a/gcc-5.1/libjava/classpath/gnu/javax/crypto/jce/GnuCrypto.java,0,
0,crystax/android-toolchain-gcc,https://github.com/crystax/android-toolchain-gcc/blob/59d5dfeb11366a13fc2ab82edce33451dbb8c76a/gcc-4.8/libjava/classpath/gnu/javax/crypto/jce/GnuCrypto.java,0,
0,hyper-toolchains/gcc,https://github.com/hyper-toolchains/gcc/blob/9550cc768ae72ac4d3e89c7d1f7db35c0ad4d342/libjava/classpath/gnu/javax/crypto/jce/GnuCrypto.java,0,
0,anuvazhayil/HelloWorld_32bitOS,https://github.com/anuvazhayil/HelloWorld_32bitOS/blob/151af7286b31b7159414bafbf48b81c0de654f33/src/gcc-4.7.2/libjava/classpath/gnu/javax/crypto/jce/GnuCrypto.java,0,
0,Gurgel100/gcc,https://github.com/Gurgel100/gcc/blob/b128fc0fafb0815dc126172ae148269426dd3b8a/libjava/classpath/gnu/javax/crypto/jce/GnuCrypto.java,0,
0,sslab-gatech/aslr-guard,https://github.com/sslab-gatech/aslr-guard/blob/1bc3dd70fcd86e995c8982ee1b9d7830176e3947/gcc-4.8.2/libjava/classpath/gnu/javax/crypto/jce/GnuCrypto.java,0,
0,kanzeparov/CyberSecurity,https://github.com/kanzeparov/CyberSecurity/blob/3a0dcdfba61c5537e74e3ed70515f7c3a53af78c/newProjectCyberSecurity/src/CipherMessage.java,0,
0,huhuo/flower,https://github.com/huhuo/flower/blob/b54a669640c59536e262bbf2ae490e435775787d/server/huhuo-integration/src/main/java/com/huhuo/integration/algorithm/DESUtils.java,0,
0,rhristov/gcc-modified,https://github.com/rhristov/gcc-modified/blob/d40101c30172f260338bdc68959f9355410e3475/libjava/classpath/gnu/javax/crypto/jce/GnuCrypto.java,0,
0,walterschell/xcompiler,https://github.com/walterschell/xcompiler/blob/8fb21a76de8093d648e987afc8c7b8aebe206ade/gcc-6.1.0/libjava/classpath/gnu/javax/crypto/jce/GnuCrypto.java,0,
0,Theldus/toolchain,https://github.com/Theldus/toolchain/blob/f8861e19b51718552a7a1aee6cc69bbe4f08e942/gcc-5.3.0/libjava/classpath/gnu/javax/crypto/jce/GnuCrypto.java,0,
0,j2web/WebProject,https://github.com/j2web/WebProject/blob/292cffb6792171957eddc33a9583f8805e018b3c/PCIS_COMMON/src/hk/com/mtr/pcis/util/EncryptUtil.java,0,
0,j8unit-team/j8unit,https://github.com/j8unit-team/j8unit/blob/2a662c5b2c4a40b6ac42d2b9f601cc4d586ce41c/repository/src/test/java/org/j8unit/repository/javax/crypto/spec/PSourceClassTest.java,0,
0,koterpillar/android-sasl,https://github.com/koterpillar/android-sasl/blob/09dbf766dcd4c29f1ade0a28121a336e2b9e9eb7/classpath-0.98/gnu/javax/crypto/jce/GnuCrypto.java,0,
0,erkserkserks/gcc-4.9.4-PS3,https://github.com/erkserkserks/gcc-4.9.4-PS3/blob/9e0111d362f8064f6dacd468f019c9e0ac64d4c7/libjava/classpath/gnu/javax/crypto/jce/GnuCrypto.java,0,
0,chuch0805/Android-chat-app_Medix,https://github.com/chuch0805/Android-chat-app_Medix/blob/8cbc154e58b57202609b9b1c704803f73428a62a/app/src/main/java/com/medx/android/utils/crypto5/AES256Cipher.java,0,
0,roytam1/mozilla-cvs-history,https://github.com/roytam1/mozilla-cvs-history/blob/ec588c1778175e4011f8e83abb52eb9cc84b7ce3/mozilla/security/jss/org/mozilla/jss/JSSProvider.java,0,
0,zhirsch/tacos,https://github.com/zhirsch/tacos/blob/04027e72704406c6e48f00a67fd9ed04fa4bfe5c/toolchain/source/gcc-4.9.1/libjava/classpath/gnu/javax/crypto/jce/GnuCrypto.java,0,
0,StanfordSNR/gg-playground,https://github.com/StanfordSNR/gg-playground/blob/1e5bf1236279fcf77d7da5e38298761b52b4abe3/targets/gcc-6.2.0/libjava/classpath/gnu/javax/crypto/jce/GnuCrypto.java,0,
0,StanfordSNR/gg-playground,https://github.com/StanfordSNR/gg-playground/blob/1e5bf1236279fcf77d7da5e38298761b52b4abe3/targets/gcc-6.3.0/libjava/classpath/gnu/javax/crypto/jce/GnuCrypto.java,0,
0,j8unit-team/j8unit,https://github.com/j8unit-team/j8unit/blob/2a662c5b2c4a40b6ac42d2b9f601cc4d586ce41c/repository/src/main/java/org/j8unit/repository/javax/crypto/spec/PSourceTests.java,0,
0,j8unit-team/j8unit,https://github.com/j8unit-team/j8unit/blob/2a662c5b2c4a40b6ac42d2b9f601cc4d586ce41c/repository/src/test/java/org/j8unit/repository/javax/crypto/ExemptionMechanismClassTest.java,0,
0,j8unit-team/j8unit,https://github.com/j8unit-team/j8unit/blob/2a662c5b2c4a40b6ac42d2b9f601cc4d586ce41c/repository/src/test/java/org/j8unit/repository/javax/crypto/KeyAgreementClassTest.java,0,
0,j8unit-team/j8unit,https://github.com/j8unit-team/j8unit/blob/2a662c5b2c4a40b6ac42d2b9f601cc4d586ce41c/repository/src/test/java/org/j8unit/repository/javax/crypto/KeyGeneratorClassTest.java,0,
0,j8unit-team/j8unit,https://github.com/j8unit-team/j8unit/blob/2a662c5b2c4a40b6ac42d2b9f601cc4d586ce41c/repository/src/test/java/org/j8unit/repository/javax/crypto/MacClassTest.java,0,
0,j8unit-team/j8unit,https://github.com/j8unit-team/j8unit/blob/2a662c5b2c4a40b6ac42d2b9f601cc4d586ce41c/repository/src/test/java/org/j8unit/repository/javax/crypto/SecretKeyFactoryClassTest.java,0,
0,mageec/mageec-gcc,https://github.com/mageec/mageec-gcc/blob/0893fe2240ad8818928e1f8875540de797ee9464/libjava/classpath/gnu/javax/crypto/jce/GnuCrypto.java,0,
0,sayeed99/GCC-Google,https://github.com/sayeed99/GCC-Google/blob/a165131767050004a85eb3fdef5ebf7013e88c08/gcc-4.8.3/libjava/classpath/gnu/javax/crypto/jce/GnuCrypto.java,0,
0,sayeed99/GCC-Google,https://github.com/sayeed99/GCC-Google/blob/a165131767050004a85eb3fdef5ebf7013e88c08/gcc-4.9/libjava/classpath/gnu/javax/crypto/jce/GnuCrypto.java,0,
0,rhuitl/uClinux,https://github.com/rhuitl/uClinux/blob/0486e80a025dccbe4a2213715a2ab8a5063ea86b/lib/classpath/gnu/javax/crypto/jce/GnuCrypto.java,0,
0,lluwm/gcc-5.3.0,https://github.com/lluwm/gcc-5.3.0/blob/9f74f266d09c08b4bcf280ad29c949fc5562ec19/libjava/classpath/gnu/javax/crypto/jce/GnuCrypto.java,0,
0,omusico/dterp,https://github.com/omusico/dterp/blob/a84ec9ce7bc9bee5cb9f5a8a2c62cdc04f294bdf/dterp/src/include/tree_index/Nseer.java,0,
0,ageha821025/agehaGitRoot,https://github.com/ageha821025/agehaGitRoot/blob/2b86452a51c1f8394a5fe264f58c1efa65d51671/SP/JavaWeb/src/com/daulsoft/neotest/util/common/Blowfish.java,0,
0,shibu-t/NextChatSystem8,https://github.com/shibu-t/NextChatSystem8/blob/c506d2c5817abdc8587d354f8bce210dd0f424bb/Client/CryptBlowfish.java,0,
0,TongBoStar/TongBoProject,https://github.com/TongBoStar/TongBoProject/blob/f91a4f00d2d864b359cc3ba59a80b1c07d11e5d1/YYZK/src/main/java/com/terrence/crm/dol/base/utils/DES.java,0,
0,Klozz/GCC-UBER,https://github.com/Klozz/GCC-UBER/blob/f0eccde1521e7293b2d909d42dfce2ac6d5684fd/libjava/classpath/gnu/javax/crypto/jce/GnuCrypto.java,0,
0,UBERTC/GCC-UBER,https://github.com/UBERTC/GCC-UBER/blob/33c5ad3da82bf7f49e5f9f6a379a08765dd32b22/libjava/classpath/gnu/javax/crypto/jce/GnuCrypto.java,0,
0,Surge1223/gcc-4.9.3-bionic,https://github.com/Surge1223/gcc-4.9.3-bionic/blob/284f54751a9540c4b964bcb3da18c5ae057d4606/libjava/classpath/gnu/javax/crypto/jce/GnuCrypto.java,0,
0,ivanceras/crypto-gwt,https://github.com/ivanceras/crypto-gwt/blob/f1262abd6f7dad491bfebe0b59004877417283c0/src/test/java/com/googlecode/cryptogwttests/Adaptor.java,0,
0,AlexandraYu/PrinterPicPDF,https://github.com/AlexandraYu/PrinterPicPDF/blob/03e5a426ccc77bdbde958091cb12cf3b4abb741b/src/net/sf/andpdf/crypto/Cipher.java,0,
0,AlexandraYu/PrinterPicPDF,https://github.com/AlexandraYu/PrinterPicPDF/blob/03e5a426ccc77bdbde958091cb12cf3b4abb741b/src/net/sf/andpdf/crypto/CryptoCipher.java,0,
0,redstar3894/android-gcc,https://github.com/redstar3894/android-gcc/blob/5d21fd5442c50278cccda589dd103980d16302fd/libjava/classpath/gnu/javax/crypto/jce/GnuCrypto.java,0,
0,j8unit-team/j8unit,https://github.com/j8unit-team/j8unit/blob/2a662c5b2c4a40b6ac42d2b9f601cc4d586ce41c/repository/src/main/java/org/j8unit/repository/javax/crypto/CipherTests.java,0,
0,zhouchao/GEELY_SERVER,https://github.com/zhouchao/GEELY_SERVER/blob/ae954db98423adcaf81a6610a5313312b330669f/src/com/fsc/util/CryptoUtil.java,0,
0,yufangqq/MyFirstIntellijPlugin,https://github.com/yufangqq/MyFirstIntellijPlugin/blob/de03739ebf07a7093a3981c899e54e66b24d583f/src/yufang/EncryptAesCryptor.java,0,
0,imasahiro/gccjs,https://github.com/imasahiro/gccjs/blob/c25d77ba7f3866f70123ade8ccde55a35a96edf9/libjava/classpath/gnu/javax/crypto/jce/GnuCrypto.java,0,
0,smartandroidhub/PdfViewer,https://github.com/smartandroidhub/PdfViewer/blob/3c1cf4daa519c66a5e147c9ef70d0076d3ba574e/src/net/sf/andpdf/crypto/Cipher.java,0,
0,smartandroidhub/PdfViewer,https://github.com/smartandroidhub/PdfViewer/blob/3c1cf4daa519c66a5e147c9ef70d0076d3ba574e/src/net/sf/andpdf/crypto/CryptoCipher.java,0,
0,mazecode/SvlAmicarRead,https://github.com/mazecode/SvlAmicarRead/blob/fc03d9d1452a7ee7f33a1a38faec7ad2486e4ce4/src/cl/intelidata/amicar/beans/MCrypt.java,0,
0,arunthomas/gcc,https://github.com/arunthomas/gcc/blob/a4d524f51e893761d9f5853b39378419778fc5f9/libjava/classpath/gnu/javax/crypto/jce/GnuCrypto.java,0,
0,ravivamsi/developertools,https://github.com/ravivamsi/developertools/blob/c0bfcf2826c489ed72cb9ed1e86c82f5cc2614ca/src/main/java/com/project/webapp/devtools/idgenerator/KeyGenerator.java,0,
0,JTroniks/CyanogenMod-7,https://github.com/JTroniks/CyanogenMod-7/blob/88f74da2a2da879094697ab88e42722352f3d58d/out/target/common/obj/JAVA_LIBRARIES/android_stubs_current_intermediates/src/javax/crypto/Cipher.java,0,
0,mazecode/SolicitudCotizacionAmicar,https://github.com/mazecode/SolicitudCotizacionAmicar/blob/8b3d556bb338d53fe8fba72e5dc80c66aeddb3ca/src/main/java/cl/intelidata/amicar/beans/MCrypt.java,0,
0,j8unit-team/j8unit,https://github.com/j8unit-team/j8unit/blob/2a662c5b2c4a40b6ac42d2b9f601cc4d586ce41c/repository/src/main/java/org/j8unit/repository/javax/crypto/ExemptionMechanismTests.java,0,
0,j8unit-team/j8unit,https://github.com/j8unit-team/j8unit/blob/2a662c5b2c4a40b6ac42d2b9f601cc4d586ce41c/repository/src/main/java/org/j8unit/repository/javax/crypto/MacTests.java,0,
0,ChangeVision/JIRA-Mindmap-Planner-for-Astah,https://github.com/ChangeVision/JIRA-Mindmap-Planner-for-Astah/blob/1191cdbf238a181e10b478078f3ca69eb2ccefa3/src/main/java/com/change_vision/astah/extension/plugin/mindmapplanner/util/PasswordUtils.java,0,
0,mamengqi85/p2p-twitter,https://github.com/mamengqi85/p2p-twitter/blob/9e670d4aa76f63b29a12b8ee08f522b8dfc6a30c/P2P%20twitter/src/Security/MyKey.java,0,
0,kanaida/LG-Esteem-Homeless-Kernel,https://github.com/kanaida/LG-Esteem-Homeless-Kernel/blob/a5780f82bef7631fdb43b079e6f9ea6dbd187ac7/out/target/common/obj/JAVA_LIBRARIES/android_stubs_current_intermediates/src/javax/crypto/ExemptionMechanism.java,0,
0,RStarTec/android-pdfrenderer,https://github.com/RStarTec/android-pdfrenderer/blob/3b8c02775bbbffad3d84fecae7143c7e818fc7d9/src-pdf/net/sf/andpdf/crypto/Cipher.java,0,
0,RStarTec/android-pdfrenderer,https://github.com/RStarTec/android-pdfrenderer/blob/3b8c02775bbbffad3d84fecae7143c7e818fc7d9/src-pdf/net/sf/andpdf/crypto/CryptoCipher.java,0,
0,penny12/my_hobby,https://github.com/penny12/my_hobby/blob/c2b8c0f7a55527b41f7f52d13a21e065d84a6bfc/programming/Assembly/gcc-5.2.0/libjava/classpath/gnu/javax/crypto/jce/GnuCrypto.java,0,
0,loongson-community/gcc,https://github.com/loongson-community/gcc/blob/92c476ae4bee04b70dcaa765ae57bc067a4c4d9b/libjava/classpath/gnu/javax/crypto/jce/GnuCrypto.java,0,
0,j8unit-team/j8unit,https://github.com/j8unit-team/j8unit/blob/2a662c5b2c4a40b6ac42d2b9f601cc4d586ce41c/repository/src/main/java/org/j8unit/repository/javax/crypto/SecretKeyFactoryTests.java,0,
0,wirasetiawan29/Android,https://github.com/wirasetiawan29/Android/blob/90a9f5f442495e0a26911497878a1915b4da3c4c/Android-Pdf-Viewer-Library/app/src/main/java/net/sf/andpdf/crypto/Cipher.java,0,
0,wirasetiawan29/Android,https://github.com/wirasetiawan29/Android/blob/90a9f5f442495e0a26911497878a1915b4da3c4c/Android-Pdf-Viewer-Library/app/src/main/java/net/sf/andpdf/crypto/CryptoCipher.java,0,
0,StanHan/workspace,https://github.com/StanHan/workspace/blob/517a3255058f09be7a089edc7f4bc1454ba0e455/Demo/testJava/src/main/java/demo/javax/crypto/SecretKeyDemo.java,0,
0,theHolgi/gcc-mcdc,https://github.com/theHolgi/gcc-mcdc/blob/279c76ccdde647a86f20f05966c7c44338b9bf94/mingw-w64-i686-gcc/src/gcc-4.9.2/libjava/classpath/gnu/javax/crypto/jce/GnuCrypto.java,0,
0,fabio-d/xc16plusplus-source,https://github.com/fabio-d/xc16plusplus-source/blob/f0798c3253b13c60c67022b763c52d0e010f7b92/src/XC_GCC/gcc/libjava/classpath/gnu/javax/crypto/jce/GnuCrypto.java,0,
0,j8unit-team/j8unit,https://github.com/j8unit-team/j8unit/blob/2a662c5b2c4a40b6ac42d2b9f601cc4d586ce41c/repository/src/test/java/org/j8unit/repository/javax/crypto/SealedObjectClassTest.java,0,
0,j8unit-team/j8unit,https://github.com/j8unit-team/j8unit/blob/2a662c5b2c4a40b6ac42d2b9f601cc4d586ce41c/repository/src/test/java/org/j8unit/repository/javax/crypto/spec/PSourceTest.java,0,
